clouds,datetime,dewpt,dhi,dni,ghi,max_dhi,max_dni,max_ghi,max_temp,max_temp_ts,max_uv,max_wind_dir,max_wind_spd,max_wind_spd_ts,min_temp,min_temp_ts,precip,precip_gpm,pres,revision_status,rh,slp,snow,snow_depth,solar_rad,t_dhi,t_dni,t_ghi,t_solar_rad,temp,ts,wind_dir,wind_gust_spd,wind_spd
0,2024-01-01,17.9,41,340,215,116,910,759,30.7,1704063600,6.3,156,3.6,1704063600,20.0,1704067200,0.0,0.0,1008,final,68,1013,0,0,215,954,7816,4946,4946,24.5,1704047400,156,5.6,2.2
0,2024-01-02,18.0,41,340,216,116,910,760,28.9,1704186000,6.3,173,3.2,1704189600,18.5,1704160800,0.0,0.0,1008,final,74,1013,0,0,216,954,7820,4957,4957,23.1,1704133800,173,6.4,2.1
17,2024-01-03,17.9,42,340,216,116,911,762,28.1,1704272400,6.3,188,3.6,1704272400,17.4,1704247200,0.0,0.0,1007,final,79,1013,0,0,210,955,7825,4968,4834,22.1,1704220200,188,6.0,2.4
3,2024-01-04,16.9,42,340,217,116,911,763,28.5,1704358800,6.2,146,3.6,1704358800,16.7,1704326400,0.0,0.0,1007,final,74,1013,0,0,216,956,7831,4980,4978,22.3,1704306600,146,6.4,2.4
1,2024-01-05,16.4,42,341,217,116,911,764,28.1,1704445200,6.1,89,4.0,1704423600,17.4,1704420000,0.0,0.0,1008,final,72,1013,0,0,217,957,7837,4993,4993,22.1,1704393000,89,6.4,3.0
22,2024-01-06,15.9,42,341,218,116,912,766,28.1,1704531600,6.3,39,4.4,1704524400,17.4,1704499200,0.0,0.0,1009,final,69,1014,0,0,214,958,7844,5007,4933,22.2,1704479400,39,8.4,3.2
39,2024-01-07,17.8,42,341,218,116,912,768,28.9,1704618000,5.9,62,5.2,1704639600,19.6,1704582000,0.0,0.0,1008,final,72,1014,0,0,218,960,7852,5022,5017,23.5,1704565800,62,10.0,3.6
15,2024-01-08,18.4,42,342,219,116,913,769,31.1,1704704400,6.4,88,4.4,1704715200,20.4,1704672000,0.0,0.0,1008,final,69,1014,0,0,219,961,7860,5038,5038,24.8,1704652200,88,9.2,3.3
31,2024-01-09,18.2,42,342,220,116,913,771,29.6,1704790800,5.3,37,3.6,1704747600,20.4,1704765600,0.0,0.0,1009,final,69,1014,0,0,186,962,7868,5055,4285,24.5,1704738600,37,6.4,2.7
8,2024-01-10,19.4,42,342,221,117,914,773,29.6,1704877200,6.2,36,2.8,1704888000,20.7,1704852000,0.0,0.0,1009,final,74,1014,0,0,221,964,7877,5072,5072,24.6,1704825000,36,6.4,2.4
6,2024-01-11,19.9,42,343,221,117,915,775,30.4,1704963600,6.5,34,3.6,1704974400,20.4,1704938400,0.0,0.0,1009,final,75,1015,0,0,220,965,7887,5090,5055,24.9,1704911400,34,6.4,2.7
2,2024-01-12,19.5,42,343,222,117,915,777,33.0,1705050000,6.5,117,4.0,1705060800,21.1,1705024800,0.0,0.0,1009,final,69,1014,0,0,222,967,7897,5109,5109,26.2,1704997800,117,8.0,2.7
0,2024-01-13,18.7,42,344,223,117,916,780,33.0,1705136400,6.5,187,3.2,1705136400,20.4,1705111200,0.0,0.0,1009,final,67,1014,0,0,223,968,7908,5129,5129,25.9,1705084200,187,7.2,2.1
0,2024-01-14,13.6,42,344,224,117,916,782,30.0,1705222800,6.6,157,3.2,1705222800,18.5,1705197600,0.0,0.0,1010,final,57,1015,0,0,224,970,7920,5150,5150,23.7,1705170600,157,7.2,2.2
0,2024-01-15,11.3,42,345,225,117,917,784,28.9,1705309200,6.6,168,2.4,1705320000,15.6,1705284000,0.0,0.0,1009,final,56,1015,0,0,225,972,7931,5171,5171,21.8,1705257000,168,4.8,1.6
23,2024-01-16,13.0,42,345,226,117,918,787,29.3,1705395600,6.4,206,2.4,1705388400,15.2,1705363200,0.0,0.0,1007,final,62,1012,0,0,219,974,7944,5193,5030,21.5,1705343400,206,4.8,1.5
50,2024-01-17,12.8,42,346,227,117,918,789,28.5,1705482000,3.5,166,2.4,1705489200,15.2,1705456800,0.0,0.0,1006,final,62,1012,0,0,160,976,7957,5216,3680,21.5,1705429800,166,6.4,1.6
3,2024-01-18,13.4,43,347,228,118,919,792,28.1,1705568400,6.4,107,2.8,1705568400,15.9,1705536000,0.0,0.0,1008,final,61,1013,0,0,228,978,7970,5239,5239,22.0,1705516200,107,5.2,1.9
2,2024-01-19,14.0,43,347,229,118,920,795,29.6,1705654800,6.7,111,4.0,1705665600,16.7,1705622400,0.0,0.0,1008,final,60,1013,0,0,229,980,7984,5263,5261,22.6,1705602600,111,8.4,2.9
33,2024-01-20,12.6,43,348,230,118,920,797,29.3,1705741200,6.8,142,4.0,1705752000,16.7,1705716000,0.0,0.0,1009,final,55,1014,0,0,219,982,7998,5288,5040,22.4,1705689000,142,7.2,3.0
62,2024-01-21,10.5,43,348,231,118,921,800,28.5,1705827600,2.2,41,4.4,1705845600,16.7,1705795200,0.0,0.0,1010,final,49,1015,0,0,70,984,8013,5314,1611,22.3,1705775400,41,9.2,3.3
49,2024-01-22,10.3,43,349,232,118,922,803,29.3,1705914000,5.4,151,4.0,1705914000,15.9,1705881600,0.0,0.0,1010,final,50,1015,0,0,219,986,8029,5340,5040,22.0,1705861800,151,8.4,3.1
0,2024-01-23,7.5,43,350,233,118,922,806,28.5,1706000400,6.9,99,4.4,1706000400,15.6,1705978800,0.0,0.0,1010,final,42,1016,0,0,233,989,8044,5367,5367,21.6,1705948200,99,8.8,3.0
3,2024-01-24,9.0,43,350,235,118,923,809,28.5,1706086800,7.0,44,4.0,1706086800,15.9,1706036400,0.0,0.0,1010,final,47,1016,0,0,235,991,8061,5394,5394,21.7,1706034600,44,8.4,2.8
4,2024-01-25,10.0,43,351,236,119,924,813,29.3,1706173200,7.0,61,4.4,1706173200,14.4,1706148000,0.0,0.0,1011,final,51,1016,0,0,235,994,8077,5422,5413,21.8,1706121000,61,9.6,3.2
27,2024-01-26,11.1,43,352,237,119,925,816,31.1,1706259600,6.7,59,4.0,1706259600,16.7,1706209200,0.0,0.0,1012,final,49,1017,0,0,233,996,8094,5450,5351,23.1,1706207400,59,7.6,2.8
76,2024-01-27,13.3,43,353,238,119,925,819,32.6,1706346000,4.7,128,4.4,1706342400,16.7,1706313600,0.0,0.0,1011,final,56,1017,0,0,140,999,8112,5479,3210,23.7,1706293800,128,8.4,2.5
69,2024-01-28,14.2,44,353,240,119,926,822,32.6,1706432400,3.7,162,3.2,1706421600,16.3,1706400000,0.0,0.0,1011,final,61,1016,0,0,205,1001,8129,5509,4716,23.6,1706380200,162,6.4,1.9
48,2024-01-29,13.3,44,354,241,119,927,826,30.4,1706518800,6.5,153,2.8,1706497200,16.3,1706482800,0.0,0.0,1011,final,58,1016,0,0,238,1004,8148,5539,5473,23.0,1706466600,153,6.4,1.8
29,2024-01-30,14.2,44,355,242,120,928,829,30.4,1706605200,7.0,162,2.0,1706605200,17.0,1706572800,0.0,0.0,1010,final,60,1015,0,0,232,1007,8166,5569,5337,23.0,1706553000,162,5.2,1.6
86,2024-01-31,14.5,44,356,243,120,928,833,30.0,1706691600,3.2,177,2.8,1706691600,17.0,1706659200,0.0,0.0,1009,final,62,1014,0,0,129,1009,8185,5600,2971,23.2,1706639400,177,6.4,1.5
24,2024-02-01,16.4,44,357,245,120,929,836,30.0,1706742000,7.4,247,2.4,1706742000,17.8,1706752800,0.0,0.0,1010,final,68,1015,0,0,241,1012,8204,5632,5533,23.4,1706725800,247,6.0,1.5
37,2024-02-02,17.0,44,358,246,120,930,840,30.0,1706864400,3.3,151,2.4,1706871600,17.8,1706839200,0.0,0.0,1011,final,70,1016,0,0,189,1015,8223,5664,4357,23.7,1706812200,151,5.6,1.5
2,2024-02-03,15.7,44,358,248,120,931,843,33.3,1706950800,7.5,66,3.6,1706961600,19.3,1706925600,0.0,0.0,1010,final,57,1015,0,0,248,1018,8243,5696,5696,25.6,1706898600,66,7.6,2.4
0,2024-02-04,16.0,44,359,249,120,931,847,34.8,1707037200,7.5,150,2.4,1707037200,20.0,1707012000,0.0,0.0,1010,final,56,1015,0,0,249,1021,8263,5729,5729,26.7,1706985000,150,5.2,1.9
0,2024-02-05,16.9,45,360,251,121,932,851,32.2,1707123600,7.6,277,2.8,1707123600,20.0,1707091200,0.0,0.0,1011,final,60,1016,0,0,251,1024,8283,5762,5762,26.1,1707071400,277,6.4,1.7
7,2024-02-06,18.1,45,361,252,121,933,854,32.6,1707210000,7.7,216,2.8,1707217200,20.7,1707184800,0.0,0.0,1011,final,64,1016,0,0,233,1027,8303,5795,5352,26.1,1707157800,216,6.0,1.7
24,2024-02-07,16.1,45,362,253,121,934,858,31.5,1707296400,7.7,161,4.4,1707296400,19.6,1707264000,0.0,0.0,1012,final,59,1017,0,0,249,1031,8323,5829,5725,25.5,1707244200,161,8.0,2.5
52,2024-02-08,14.0,45,363,255,121,934,862,30.0,1707382800,7.5,33,4.8,1707400800,19.6,1707357600,0.0,0.0,1012,final,53,1017,0,0,217,1035,8345,5863,4996,24.6,1707330600,33,9.6,3.2
31,2024-02-09,13.8,45,364,256,121,935,866,31.1,1707469200,7.8,150,3.2,1707476400,17.8,1707444000,0.0,0.0,1010,final,55,1016,0,0,254,1039,8367,5897,5845,24.2,1707417000,150,6.4,2.6
1,2024-02-10,12.1,45,365,258,121,936,869,30.7,1707555600,7.9,169,3.2,1707559200,17.8,1707530400,0.0,0.0,1011,final,51,1016,0,0,258,1043,8391,5932,5931,23.6,1707503400,169,6.0,2.2
8,2024-02-11,13.4,46,366,259,122,937,873,31.1,1707642000,8.0,204,2.8,1707649200,17.0,1707616800,0.0,0.0,1011,final,56,1016,0,0,258,1047,8416,5967,5935,23.6,1707589800,204,4.4,1.8
97,2024-02-12,13.5,46,367,261,122,937,877,31.1,1707728400,2.6,158,2.8,1707678000,17.8,1707696000,0.0,0.0,1010,final,54,1016,0,0,78,1051,8442,6003,1786,24.2,1707676200,158,6.4,1.8
98,2024-02-13,13.4,46,368,263,122,938,881,30.4,1707814800,2.5,169,3.6,1707814800,17.8,1707782400,0.0,0.0,1011,final,55,1016,0,0,68,1055,8469,6039,1570,23.8,1707762600,169,7.6,1.9
24,2024-02-14,12.9,46,369,264,122,939,885,31.1,1707901200,8.2,224,2.8,1707901200,18.1,1707868800,0.0,0.0,1010,final,52,1016,0,0,261,1059,8496,6074,6003,24.5,1707849000,224,6.0,2.2
1,2024-02-15,15.0,46,371,266,122,939,889,33.3,1707987600,8.2,65,4.0,1707966000,17.8,1707962400,0.0,0.0,1009,final,55,1014,0,0,266,1063,8524,6111,6111,25.3,1707935400,65,8.8,2.5
13,2024-02-16,16.6,46,372,267,123,940,892,35.2,1708074000,8.2,71,5.2,1708081200,21.9,1708041600,0.0,0.0,1009,final,53,1014,0,0,262,1067,8552,6147,6023,27.7,1708021800,71,10.8,3.3
24,2024-02-17,16.4,47,373,269,123,941,896,36.3,1708160400,7.5,158,2.8,1708135200,21.9,1708135200,0.0,0.0,1007,final,53,1012,0,0,253,1071,8580,6183,5826,28.4,1708108200,158,6.4,2.0
2,2024-02-18,15.9,47,374,270,123,941,900,35.6,1708254000,8.4,227,4.0,1708275600,20.7,1708214400,0.0,0.0,1006,final,55,1011,0,0,270,1075,8607,6220,6220,27.4,1708194600,227,7.6,1.9
37,2024-02-19,14.3,47,375,272,123,942,904,34.8,1708333200,6.7,215,4.4,1708333200,19.6,1708308000,0.0,0.0,1007,final,52,1012,0,0,260,1079,8635,6257,5973,26.7,1708281000,215,10.0,2.3
13,2024-02-20,15.7,47,377,274,123,943,908,33.0,1708419600,8.6,237,4.4,1708419600,18.9,1708387200,0.0,0.0,1008,final,58,1013,0,0,274,1082,8663,6293,6292,25.8,1708367400,237,9.2,2.3
25,2024-02-21,18.3,47,378,275,123,943,912,30.0,1708506000,7.1,242,4.0,1708516800,20.7,1708473600,0.0,0.0,1007,final,68,1012,0,0,271,1086,8690,6330,6227,25.1,1708453800,242,8.4,2.9
14,2024-02-22,17.2,47,379,277,124,944,916,30.4,1708599600,8.7,253,3.6,1708581600,21.5,1708560000,0.0,0.0,1008,final,65,1013,0,0,277,1090,8717,6367,6366,25.3,1708540200,253,8.8,2.6
24,2024-02-23,13.3,48,380,278,124,945,919,31.1,1708678800,8.8,175,2.4,1708686000,19.3,1708653600,0.0,0.0,1008,final,58,1014,0,0,276,1093,8744,6404,6340,24.8,1708626600,175,6.8,1.7
0,2024-02-24,5.8,48,381,280,124,945,923,31.1,1708765200,8.9,245,3.6,1708754400,17.8,1708732800,0.0,0.0,1008,final,34,1014,0,0,280,1097,8771,6440,6440,24.3,1708713000,245,8.4,2.7
1,2024-02-25,5.2,48,382,282,124,946,927,31.9,1708851600,8.9,29,4.8,1708862400,17.8,1708826400,0.0,0.0,1007,final,30,1013,0,0,282,1100,8797,6477,6477,24.8,1708799400,29,10.0,3.4
86,2024-02-26,12.0,48,384,283,124,946,931,34.8,1708938000,3.7,156,4.8,1708887600,19.3,1708905600,0.0,0.0,1005,final,42,1011,0,0,141,1104,8823,6514,3233,26.7,1708885800,156,8.8,2.6
6,2024-02-27,14.9,48,385,285,124,947,934,35.2,1709024400,8.8,206,3.2,1709031600,20.7,1708992000,0.0,0.0,1007,final,50,1012,0,0,285,1107,8848,6550,6546,27.4,1708972200,206,7.2,1.7
0,2024-02-28,15.2,48,386,286,125,947,938,35.9,1709110800,9.2,128,3.2,1709121600,21.5,1709078400,0.0,0.0,1007,final,47,1012,0,0,286,1111,8873,6586,6586,28.4,1709058600,128,6.0,2.3
17,2024-02-29,15.2,48,387,288,125,948,942,38.5,1709197200,8.7,149,2.8,1709208000,23.0,1709164800,0.0,0.0,1006,final,44,1011,0,0,284,1114,8898,6623,6524,30.1,1709145000,149,6.4,2.2
4,2024-03-01,16.3,49,388,290,125,948,945,36.3,1709247600,9.3,208,4.4,1709247600,23.7,1709251200,0.0,0.0,1007,final,49,1012,0,0,290,1117,8922,6659,6659,29.1,1709231400,208,8.8,2.8
5,2024-03-02,19.4,49,389,291,125,949,949,31.9,1709366400,9.4,218,6.0,1709388000,23.0,1709337600,1.3,1.3,1007,final,66,1012,0,0,291,1121,8946,6695,6694,26.8,1709317800,218,11.2,3.6
12,2024-03-03,13.3,49,390,293,125,949,953,28.1,1709463600,9.4,279,4.4,1709445600,20.0,1709434800,0.0,0.0,1008,final,54,1013,0,0,293,1124,8969,6730,6730,24.3,1709404200,279,8.8,3.1
0,2024-03-04,9.2,49,391,294,125,950,956,30.0,1709542800,9.5,169,3.6,1709539200,16.3,1709499600,0.0,0.0,1009,final,47,1014,0,0,294,1127,8992,6766,6766,23.2,1709490600,169,7.2,2.0
0,2024-03-05,7.6,49,392,296,125,950,960,32.6,1709632800,9.6,187,3.6,1709629200,16.7,1709604000,0.0,0.0,1009,final,37,1014,0,0,296,1130,9014,6801,6801,24.3,1709577000,187,7.6,2.5
0,2024-03-06,7.6,49,393,297,126,950,963,33.0,1709715600,9.7,238,3.6,1709726400,17.8,1709679600,0.0,0.0,1008,final,38,1013,0,0,297,1133,9036,6836,6836,25.0,1709663400,238,7.6,2.3
8,2024-03-07,10.4,49,394,299,126,951,967,33.3,1709802000,9.7,199,3.6,1709809200,18.5,1709769600,0.0,0.0,1008,final,41,1013,0,0,295,1136,9058,6871,6775,26.2,1709749800,199,7.2,1.8
0,2024-03-08,10.3,50,395,300,126,951,970,33.7,1709888400,9.8,144,3.6,1709877600,19.3,1709856000,0.0,0.0,1008,final,38,1013,0,0,300,1139,9079,6905,6905,27.0,1709836200,144,8.0,2.4
6,2024-03-09,9.3,50,396,302,126,952,973,34.1,1709974800,9.9,152,4.4,1709964000,20.4,1709949600,0.0,0.0,1008,final,35,1013,0,0,301,1142,9099,6940,6918,27.1,1709922600,152,8.0,2.5
1,2024-03-10,9.4,50,396,303,126,952,976,34.4,1710061200,9.9,197,3.6,1710061200,20.0,1710025200,0.0,0.0,1008,final,36,1013,0,0,303,1145,9119,6973,6973,27.0,1710009000,197,8.4,1.8
0,2024-03-11,12.6,50,397,305,126,952,980,35.9,1710147600,10.0,254,2.8,1710136800,20.4,1710111600,0.0,0.0,1010,final,41,1015,0,0,305,1148,9139,7007,7007,28.4,1710095400,254,6.4,2.0
0,2024-03-12,14.5,50,398,306,126,953,983,35.2,1710237600,10.1,245,3.2,1710223200,21.5,1710198000,0.0,0.0,1009,final,45,1014,0,0,306,1150,9158,7040,7040,28.4,1710181800,245,7.6,2.3
0,2024-03-13,14.9,50,399,308,126,953,986,34.4,1710327600,10.1,295,3.6,1710309600,22.2,1710288000,0.0,0.0,1008,final,49,1013,0,0,308,1153,9177,7073,7073,27.9,1710268200,295,8.0,2.2
0,2024-03-14,15.1,50,400,309,126,953,989,34.1,1710406800,10.2,269,2.8,1710392400,20.7,1710374400,0.0,0.0,1008,final,52,1014,0,0,309,1156,9195,7105,7105,27.3,1710354600,269,6.4,1.9
0,2024-03-15,15.0,50,401,310,127,953,992,34.1,1710493200,10.3,221,2.4,1710493200,19.6,1710460800,0.0,0.0,1007,final,54,1012,0,0,310,1158,9213,7137,7137,26.8,1710441000,221,5.2,1.6
0,2024-03-16,14.1,50,401,312,127,954,995,35.2,1710579600,10.3,249,2.8,1710568800,19.3,1710547200,0.0,0.0,1007,final,51,1012,0,0,312,1161,9230,7169,7169,27.4,1710527400,249,5.2,1.6
0,2024-03-17,14.8,51,402,313,127,954,998,34.8,1710673200,10.4,223,3.6,1710658800,19.6,1710633600,0.0,0.0,1007,final,52,1012,0,0,313,1163,9247,7200,7200,27.2,1710613800,223,7.6,2.1
20,2024-03-18,17.8,51,403,314,127,954,1001,35.2,1710752400,10.5,257,3.2,1710759600,20.7,1710720000,0.0,0.0,1007,final,62,1012,0,0,311,1166,9263,7231,7159,27.8,1710700200,257,7.2,2.1
6,2024-03-19,13.3,51,403,316,127,954,1003,36.3,1710838800,10.5,210,2.8,1710828000,20.7,1710806400,0.0,0.0,1007,final,47,1012,0,0,316,1168,9279,7261,7261,28.5,1710786600,210,6.8,1.8
5,2024-03-20,10.9,51,404,317,127,954,1006,37.4,1710928800,10.6,218,2.8,1710921600,20.7,1710892800,0.0,0.0,1006,final,35,1012,0,0,317,1170,9294,7291,7291,29.6,1710873000,218,6.8,1.7
71,2024-03-21,12.7,51,405,318,127,954,1009,37.8,1711011600,4.0,191,3.2,1711011600,21.5,1710975600,0.0,0.0,1005,final,40,1010,0,0,122,1173,9309,7320,2812,29.7,1710959400,191,5.2,1.5
11,2024-03-22,13.2,51,405,320,127,955,1011,38.1,1711098000,10.7,220,3.6,1711098000,21.9,1711062000,0.3,0.3,1004,final,39,1009,0,0,309,1175,9324,7349,7103,29.9,1711045800,220,7.2,1.8
26,2024-03-23,15.6,51,406,321,127,955,1014,37.4,1711184400,10.8,196,4.0,1711184400,22.2,1711152000,0.0,0.0,1004,final,49,1009,0,0,315,1177,9338,7378,7251,29.5,1711132200,196,7.6,1.8
22,2024-03-24,16.7,51,407,322,127,955,1016,36.7,1711274400,8.7,253,3.2,1711260000,22.6,1711238400,0.0,0.0,1005,final,51,1010,0,0,318,1179,9352,7406,7320,29.5,1711218600,253,7.6,2.0
0,2024-03-25,17.4,51,407,323,127,955,1018,37.8,1711364400,10.9,206,3.2,1711350000,23.0,1711321200,0.0,0.0,1006,final,51,1011,0,0,323,1181,9366,7433,7433,30.2,1711305000,206,6.4,1.9
0,2024-03-26,18.1,51,408,324,127,955,1021,38.5,1711472400,10.9,251,3.6,1711447200,23.3,1711411200,0.0,0.0,1005,final,51,1010,0,0,324,1183,9379,7460,7460,30.9,1711391400,251,6.8,1.8
9,2024-03-27,19.6,52,408,326,128,955,1023,38.9,1711494000,11.0,224,3.6,1711494000,24.8,1711508400,0.0,0.0,1007,final,52,1012,0,0,326,1185,9391,7487,7487,31.7,1711477800,224,5.6,1.7
6,2024-03-28,20.9,52,409,327,128,955,1025,38.9,1711566000,10.4,240,3.2,1711566000,25.9,1711566000,0.0,0.0,1006,final,56,1011,0,0,326,1187,9403,7513,7496,31.9,1711564200,240,6.8,1.9
31,2024-03-29,19.4,52,409,328,128,955,1027,38.1,1711652400,5.9,263,2.8,1711652400,26.7,1711652400,0.0,0.0,1005,final,51,1010,0,0,295,1189,9415,7538,6787,31.9,1711650600,263,5.2,1.8
8,2024-03-30,17.2,52,410,329,128,955,1029,37.8,1711738800,9.8,256,4.0,1711738800,25.6,1711738800,0.0,0.0,1006,final,46,1011,0,0,328,1191,9427,7563,7547,31.3,1711737000,256,8.0,2.3
12,2024-03-31,15.3,52,410,330,128,955,1031,37.0,1711825200,10.0,278,3.2,1711825200,24.8,1711825200,0.0,0.0,1007,final,43,1012,0,0,324,1192,9438,7588,7456,30.7,1711823400,278,7.6,1.9
40,2024-04-01,15.5,52,411,331,128,955,1033,37.4,1711911600,9.1,270,3.6,1711911600,23.3,1711911600,0.0,0.0,1005,final,45,1010,0,0,220,1194,9449,7611,5071,30.2,1711909800,270,8.0,1.9
42,2024-04-02,17.0,52,411,332,128,955,1035,37.4,1712059200,7.7,249,4.0,1712059200,23.7,1712016000,0.0,0.0,1003,final,49,1008,0,0,241,1196,9459,7635,5552,30.3,1711996200,249,8.0,2.1
44,2024-04-03,17.4,52,412,333,128,955,1037,37.4,1712098800,11.3,233,3.6,1712098800,23.7,1712102400,0.0,0.0,1004,final,52,1009,0,0,310,1197,9469,7658,7130,30.2,1712082600,233,7.6,1.9
80,2024-04-04,17.6,52,412,334,128,955,1038,37.0,1712228400,4.9,270,3.2,1712217600,24.1,1712185200,0.0,0.0,1005,final,51,1010,0,0,195,1199,9479,7680,4483,30.5,1712169000,270,8.0,2.1
17,2024-04-05,16.8,52,413,335,128,954,1040,37.4,1712314800,9.8,231,4.8,1712296800,24.4,1712275200,0.0,0.0,1005,final,48,1010,0,0,334,1201,9489,7702,7672,30.9,1712255400,231,10.0,2.4
16,2024-04-06,14.1,52,413,336,128,954,1042,37.8,1712401200,10.8,321,4.4,1712383200,25.6,1712358000,0.3,0.3,1004,final,37,1009,0,0,336,1205,9499,7724,7719,31.7,1712341800,321,10.0,2.9
1,2024-04-07,13.9,53,414,337,128,954,1043,37.8,1712480400,11.5,250,4.0,1712480400,25.6,1712448000,0.0,0.0,1003,final,38,1008,0,0,337,1208,9513,7745,7745,31.2,1712428200,250,7.2,2.4
0,2024-04-08,16.7,53,414,338,128,954,1045,39.3,1712574000,11.5,248,2.4,1712577600,23.7,1712530800,0.0,0.0,1003,final,46,1008,0,0,338,1211,9529,7766,7766,31.1,1712514600,248,6.0,1.8
0,2024-04-09,19.4,53,415,339,128,954,1046,38.5,1712653200,11.6,221,3.2,1712653200,24.4,1712617200,0.0,0.0,1003,final,54,1008,0,0,339,1214,9547,7787,7787,31.3,1712601000,221,5.6,1.9
13,2024-04-10,19.9,53,416,339,128,954,1047,38.5,1712739600,11.6,190,4.0,1712739600,25.6,1712696400,0.0,0.0,1003,final,55,1008,0,0,339,1217,9565,7807,7807,31.3,1712687400,190,7.2,2.3
33,2024-04-11,18.7,53,417,340,128,954,1048,38.5,1712826000,10.5,186,3.6,1712833200,25.6,1712790000,0.0,0.0,1004,final,51,1009,0,0,324,1219,9585,7827,7443,31.1,1712773800,186,6.8,2.1
3,2024-04-12,17.8,53,418,341,128,953,1050,37.0,1712912400,11.7,198,4.8,1712912400,24.4,1712876400,0.0,0.0,1004,final,52,1009,0,0,341,1222,9604,7846,7846,30.2,1712860200,198,8.8,2.4
13,2024-04-13,20.9,53,418,342,128,953,1051,35.9,1712998800,11.7,216,5.2,1713009600,23.7,1712962800,0.0,0.0,1004,final,64,1009,0,0,337,1225,9624,7865,7748,29.3,1712946600,216,9.2,3.2
9,2024-04-14,21.9,53,419,343,128,953,1052,37.4,1713085200,11.7,222,4.0,1713106800,25.2,1713052800,0.0,0.0,1005,final,61,1010,0,0,342,1227,9643,7884,7877,31.1,1713033000,222,6.4,2.3
11,2024-04-15,19.9,53,420,344,128,953,1053,41.5,1713171600,11.4,189,4.4,1713171600,28.1,1713139200,0.0,0.0,1005,final,46,1010,0,0,340,1229,9662,7902,7814,34.4,1713119400,189,8.4,2.7
2,2024-04-16,14.2,54,421,344,128,952,1054,41.1,1713207600,11.0,112,3.6,1713207600,28.9,1713207600,0.0,0.0,1004,final,30,1009,0,0,344,1232,9680,7920,7917,35.2,1713205800,112,8.4,3.0
4,2024-04-17,12.8,54,422,345,128,952,1055,42.2,1713294000,11.6,164,4.8,1713294000,29.6,1713294000,0.0,0.0,1002,final,27,1007,0,0,345,1234,9698,7937,7935,35.9,1713292200,164,8.8,2.7
31,2024-04-18,18.0,54,422,346,128,952,1055,41.1,1713380400,10.7,260,3.6,1713380400,28.1,1713380400,0.0,0.0,1003,final,44,1008,0,0,329,1236,9716,7954,7561,34.2,1713378600,260,8.0,2.2
33,2024-04-19,18.5,54,423,347,128,952,1056,39.3,1713481200,7.6,283,3.2,1713466800,28.9,1713484800,0.0,0.0,1001,final,42,1007,0,0,321,1238,9732,7970,7394,33.9,1713465000,283,8.0,2.2
11,2024-04-20,17.3,54,424,347,128,951,1057,38.5,1713610800,11.9,296,4.4,1713589200,27.8,1713571200,0.0,0.0,1002,final,42,1007,0,0,347,1240,9749,7986,7978,32.9,1713551400,296,8.8,2.8
46,2024-04-21,17.5,54,425,348,128,951,1057,37.8,1713690000,5.7,264,2.8,1713679200,26.7,1713657600,0.0,0.0,1002,final,46,1007,0,0,266,1241,9764,8002,6112,32.0,1713637800,264,7.6,2.2
67,2024-04-22,18.1,54,425,349,128,951,1058,37.0,1713776400,4.8,269,3.6,1713754800,27.0,1713740400,0.0,0.0,1003,final,48,1008,0,0,196,1243,9780,8017,4507,31.8,1713724200,269,8.4,2.4
0,2024-04-23,18.6,54,426,349,128,951,1059,38.9,1713870000,12.0,248,4.0,1713870000,25.2,1713826800,0.0,0.0,1002,final,50,1007,0,0,349,1245,9794,8031,8031,31.9,1713810600,248,8.4,2.0
1,2024-04-24,19.5,54,426,350,128,950,1059,39.6,1713949200,12.0,219,3.6,1713949200,25.6,1713913200,0.0,0.0,1001,final,51,1006,0,0,350,1246,9808,8045,8045,32.4,1713897000,219,6.4,1.9
14,2024-04-25,19.5,54,427,350,128,950,1059,39.3,1714035600,10.3,243,3.2,1714035600,27.4,1713999600,0.0,0.0,1002,final,48,1007,0,0,349,1248,9822,8059,8017,33.2,1713983400,243,6.8,2.2
24,2024-04-26,19.0,54,428,351,128,950,1060,39.3,1714129200,10.1,287,3.2,1714122000,28.1,1714086000,1.3,1.3,1002,final,47,1007,0,0,341,1249,9834,8072,7836,33.0,1714069800,287,6.8,1.8
55,2024-04-27,18.8,54,428,352,128,949,1060,39.6,1714208400,5.8,270,3.2,1714208400,26.7,1714172400,0.0,0.0,1002,final,45,1007,0,0,225,1251,9847,8085,5185,33.6,1714156200,270,6.8,2.1
46,2024-04-28,15.4,54,429,352,128,949,1060,40.4,1714294800,8.8,263,3.6,1714284000,28.5,1714258800,0.0,0.0,1002,final,33,1007,0,0,339,1252,9859,8097,7786,34.7,1714242600,263,7.6,2.3
5,2024-04-29,14.4,55,429,353,128,949,1061,40.4,1714388400,12.0,327,3.6,1714370400,28.1,1714345200,0.0,0.0,1003,final,32,1008,0,0,353,1254,9870,8109,8108,34.4,1714329000,327,8.0,2.6
3,2024-04-30,15.2,55,430,353,128,948,1061,40.7,1714467600,12.1,310,4.0,1714464000,28.1,1714431600,0.0,0.0,1002,final,34,1007,0,0,353,1255,9881,8120,8120,34.4,1714415400,310,8.8,3.0
0,2024-05-01,15.7,55,430,354,128,948,1061,39.3,1714503600,12.1,261,4.0,1714503600,26.7,1714503600,0.0,0.0,1000,final,42,1005,0,0,354,1256,9891,8131,8131,32.8,1714501800,261,8.8,2.7
16,2024-05-02,17.2,55,430,354,128,948,1061,38.9,1714593600,10.0,229,3.6,1714593600,25.6,1714604400,0.0,0.0,1000,final,47,1005,0,0,352,1257,9901,8142,8105,32.2,1714588200,229,7.6,2.3
8,2024-05-03,18.1,55,431,354,128,947,1061,40.0,1714734000,12.1,244,2.8,1714716000,25.2,1714690800,0.0,0.0,1001,final,49,1006,0,0,354,1258,9911,8152,8151,32.3,1714674600,244,6.4,2.3
46,2024-05-04,21.3,55,431,355,128,947,1061,40.7,1714813200,6.0,272,4.0,1714820400,26.3,1714777200,0.0,0.0,1002,final,55,1007,0,0,272,1259,9920,8162,6262,33.3,1714761000,272,9.2,2.6
37,2024-05-05,20.7,55,432,355,128,946,1061,40.0,1714899600,11.6,273,4.4,1714928400,27.8,1714863600,0.0,0.0,1001,final,50,1006,0,0,337,1260,9929,8171,7743,34.1,1714847400,273,9.6,2.8
3,2024-05-06,21.1,55,432,356,128,946,1061,38.1,1714982400,12.0,251,4.4,1715014800,28.9,1714950000,0.0,0.0,1001,final,52,1006,0,0,356,1261,9937,8180,8178,33.4,1714933800,251,10.0,3.1
2,2024-05-07,23.3,55,432,356,128,946,1061,38.5,1715068800,11.9,221,5.6,1715061600,27.8,1715036400,0.0,0.0,1002,final,62,1007,0,0,356,1262,9945,8189,8189,32.5,1715020200,221,10.8,3.8
3,2024-05-08,23.5,55,433,356,127,945,1061,38.9,1715148000,12.1,225,4.8,1715166000,27.0,1715122800,0.0,0.0,1002,final,63,1007,0,0,356,1263,9953,8197,8197,32.3,1715106600,225,9.2,3.8
6,2024-05-09,24.0,55,433,357,127,945,1061,37.8,1715241600,12.0,225,4.8,1715248800,27.0,1715209200,0.0,0.0,1001,final,66,1006,0,0,357,1264,9960,8205,8204,31.9,1715193000,225,9.6,3.9
5,2024-05-10,23.2,55,433,357,127,945,1061,37.0,1715328000,12.1,229,4.8,1715342400,27.4,1715295600,0.0,0.0,1003,final,65,1008,0,0,357,1265,9967,8212,8209,31.5,1715279400,229,10.0,3.8
16,2024-05-11,23.9,55,434,357,127,944,1061,38.5,1715418000,11.9,242,4.0,1715418000,26.3,1715382000,0.0,0.0,1004,final,66,1009,0,0,356,1266,9973,8219,8177,32.2,1715365800,242,7.2,2.6
28,2024-05-12,23.7,55,434,358,127,944,1061,37.0,1715504400,10.6,218,3.2,1715511600,27.4,1715468400,0.0,0.0,1004,final,64,1009,0,0,348,1266,9979,8226,8004,32.0,1715452200,218,6.8,2.6
14,2024-05-13,23.6,55,434,358,127,944,1060,39.6,1715590800,11.5,187,4.0,1715619600,27.8,1715619600,7.5,7.5,1003,final,61,1008,0,0,349,1267,9985,8233,8021,32.8,1715538600,187,8.4,2.1
10,2024-05-14,20.5,55,434,358,127,943,1060,38.1,1715677200,11.8,84,3.6,1715626800,26.3,1715634000,0.8,0.8,1003,final,52,1008,0,0,356,1268,9991,8239,8182,32.4,1715625000,84,10.0,2.1
14,2024-05-15,19.2,55,435,358,127,943,1060,41.5,1715763600,10.4,137,4.0,1715770800,28.9,1715727600,1.5,1.5,1003,final,44,1008,0,0,352,1268,9996,8244,8091,34.9,1715711400,137,6.0,1.6
29,2024-05-16,18.5,55,435,359,127,942,1060,41.5,1715850000,11.8,185,5.2,1715850000,30.0,1715814000,0.0,0.0,1002,final,39,1007,0,0,339,1269,10001,8250,7794,35.5,1715797800,185,10.0,1.8
4,2024-05-17,22.0,55,435,359,127,942,1059,40.0,1715936400,12.1,230,3.6,1715936400,30.0,1715965200,0.0,0.0,1001,final,49,1006,0,0,359,1269,10006,8255,8255,35.1,1715884200,230,8.8,2.9
6,2024-05-18,22.8,55,435,359,127,942,1059,42.6,1716022800,12.0,253,3.6,1716022800,30.0,1715986800,0.0,0.0,999,final,52,1004,0,0,359,1270,10010,8260,8257,35.6,1715970600,253,7.6,2.6
5,2024-05-19,20.9,55,435,359,127,941,1059,43.0,1716109200,12.0,249,4.4,1716098400,30.0,1716073200,0.0,0.0,997,final,48,1002,0,0,359,1270,10014,8264,8264,36.0,1716057000,249,8.8,3.1
9,2024-05-20,21.3,55,436,360,127,941,1058,42.6,1716195600,10.4,255,5.2,1716174000,30.0,1716159600,0.0,0.0,997,final,48,1002,0,0,359,1271,10018,8269,8254,35.8,1716143400,255,10.4,3.2
15,2024-05-21,21.1,55,436,360,127,941,1058,44.1,1716289200,11.6,281,4.8,1716285600,30.0,1716242400,0.0,0.0,997,final,48,1002,0,0,351,1271,10021,8273,8066,36.3,1716229800,281,9.2,2.7
35,2024-05-22,22.8,55,436,360,127,940,1058,42.2,1716375600,7.4,258,3.6,1716364800,30.7,1716332400,0.0,0.0,997,final,51,1002,0,0,333,1272,10025,8276,7652,35.8,1716316200,258,7.2,2.5
12,2024-05-23,22.4,55,436,360,127,940,1057,41.9,1716451200,10.5,244,4.4,1716444000,30.7,1716418800,0.0,0.0,996,final,50,1001,0,0,359,1272,10028,8280,8267,35.8,1716402600,244,9.2,2.9
6,2024-05-24,23.1,55,436,360,127,940,1057,41.1,1716530400,12.1,244,5.2,1716570000,29.6,1716505200,0.0,0.0,995,final,55,1000,0,0,360,1272,10031,8283,8283,34.9,1716489000,244,10.8,3.7
13,2024-05-25,24.5,55,436,360,127,939,1057,39.6,1716624000,12.0,234,5.6,1716656400,30.0,1716591600,0.0,0.0,997,final,62,1002,0,0,360,1273,10033,8286,8286,33.7,1716575400,234,10.4,4.3
91,2024-05-26,25.9,55,436,360,127,939,1056,37.4,1716710400,4.9,229,6.0,1716667200,30.0,1716678000,0.0,0.0,997,final,67,1003,0,0,186,1273,10036,8289,4284,33.0,1716661800,229,12.8,5.1
63,2024-05-27,25.9,55,436,360,127,939,1056,36.7,1716789600,9.6,226,7.6,1716822000,30.4,1716764400,0.0,0.0,997,final,69,1002,0,0,287,1273,10038,8291,6601,32.6,1716748200,226,13.2,5.9
48,2024-05-28,25.6,55,437,361,127,938,1055,36.7,1716883200,10.2,231,7.6,1716886800,29.3,1716850800,0.0,0.0,997,final,68,1002,0,0,341,1273,10040,8294,7837,32.4,1716834600,231,14.4,6.4
47,2024-05-29,25.2,55,437,361,127,938,1055,36.3,1716973200,10.4,230,8.4,1716984000,29.3,1716937200,0.0,0.0,997,final,67,1002,0,0,274,1273,10041,8296,6296,32.4,1716921000,230,16.0,6.7
31,2024-05-30,24.8,55,437,361,126,938,1055,37.0,1717056000,11.1,234,6.8,1717077600,29.6,1717023600,0.0,0.0,999,final,64,1004,0,0,354,1274,10043,8298,8143,32.8,1717007400,234,13.2,5.4
13,2024-05-31,24.9,55,437,361,126,937,1054,37.4,1717142400,12.1,232,6.4,1717131600,29.6,1717110000,0.0,0.0,1000,final,64,1005,0,0,360,1274,10044,8300,8280,33.0,1717093800,232,13.2,4.8
11,2024-06-01,25.1,55,437,361,126,937,1054,37.4,1717189200,10.8,238,5.6,1717189200,29.3,1717200000,0.0,0.0,1000,final,65,1005,0,0,357,1274,10045,8301,8201,33.0,1717180200,238,11.6,4.3
28,2024-06-02,24.2,55,437,361,126,937,1054,37.8,1717318800,10.5,247,4.4,1717308000,28.9,1717282800,0.0,0.0,1001,final,62,1006,0,0,357,1274,10046,8302,8218,33.0,1717266600,247,8.8,3.3
70,2024-06-03,24.6,55,437,361,126,936,1053,37.0,1717405200,6.8,233,5.6,1717405200,29.3,1717369200,0.0,0.0,1001,final,64,1006,0,0,289,1274,10047,8304,6644,32.8,1717353000,233,10.8,3.7
31,2024-06-04,24.3,55,437,361,126,936,1053,37.8,1717488000,8.2,238,6.0,1717477200,28.9,1717455600,0.0,0.0,1001,final,63,1006,0,0,349,1274,10048,8305,8036,33.0,1717439400,238,11.6,3.8
20,2024-06-05,25.3,55,437,361,126,936,1052,38.1,1717578000,10.6,234,5.6,1717599600,28.9,1717542000,0.0,0.0,1001,final,65,1006,0,0,359,1274,10048,8305,8263,33.2,1717525800,234,10.4,3.6
23,2024-06-06,24.0,55,437,361,126,936,1052,38.9,1717664400,10.8,244,4.8,1717653600,29.6,1717628400,0.0,0.0,1002,final,59,1007,0,0,358,1274,10048,8306,8241,33.7,1717612200,244,9.2,3.6
48,2024-06-07,24.6,55,437,361,126,935,1052,39.6,1717750800,11.7,256,5.6,1717754400,30.0,1717714800,0.5,0.5,1000,final,61,1005,0,0,357,1274,10048,8307,8218,33.7,1717698600,256,10.0,3.4
48,2024-06-08,24.4,55,437,361,126,935,1051,38.5,1717837200,5.8,247,4.8,1717804800,28.9,1717804800,1.5,1.5,999,final,63,1004,0,0,246,1274,10048,8307,5665,33.0,1717785000,247,9.2,3.0
64,2024-06-09,24.5,55,437,361,126,935,1051,39.6,1717923600,4.9,235,6.0,1717934400,28.5,1717952400,19.8,19.8,998,final,62,1003,0,0,208,1274,10048,8307,4790,33.3,1717871400,235,10.8,3.9
97,2024-06-10,24.8,55,437,361,126,935,1051,36.3,1718010000,3.8,226,5.2,1718028000,27.8,1717966800,12.5,12.5,1000,final,70,1005,0,0,124,1274,10047,8307,2856,31.4,1717957800,226,10.0,3.9
46,2024-06-11,24.7,55,437,361,126,934,1050,37.0,1718092800,11.1,233,5.6,1718107200,28.9,1718060400,0.0,0.0,1000,final,66,1005,0,0,346,1274,10047,8307,7958,32.5,1718044200,233,10.8,4.3
24,2024-06-12,24.3,55,437,361,126,934,1050,37.4,1718182800,11.0,232,5.6,1718132400,29.6,1718150400,0.0,0.0,1001,final,63,1006,0,0,358,1274,10046,8307,8243,32.8,1718130600,232,11.2,4.7
31,2024-06-13,25.6,55,437,361,126,934,1050,35.6,1718265600,10.7,233,5.6,1718280000,28.9,1718233200,0.0,0.0,1000,final,70,1005,0,0,357,1274,10045,8307,8213,32.0,1718217000,233,10.8,4.4
49,2024-06-14,25.0,55,437,361,126,934,1050,35.6,1718355600,8.9,222,5.6,1718373600,28.5,1718330400,0.0,0.0,1000,final,70,1005,0,0,339,1274,10044,8306,7789,31.5,1718303400,222,10.8,4.6
42,2024-06-15,25.2,55,437,361,126,934,1049,35.6,1718442000,9.3,221,5.2,1718391600,28.9,1718416800,4.5,4.5,999,final,69,1004,0,0,341,1274,10043,8306,7849,31.8,1718389800,221,9.6,4.1
47,2024-06-16,25.5,55,437,361,126,934,1049,35.9,1718528400,8.4,226,4.8,1718478000,28.5,1718492400,2.0,2.0,1000,final,70,1005,0,0,350,1273,10041,8305,8060,31.9,1718476200,226,9.2,3.9
62,2024-06-17,25.6,55,437,361,126,933,1049,36.3,1718611200,10.1,221,6.0,1718622000,29.6,1718578800,0.0,0.0,1000,final,69,1005,0,0,347,1273,10040,8304,7979,32.3,1718562600,221,10.4,4.3
72,2024-06-18,25.9,55,436,361,126,933,1049,34.8,1718704800,6.0,210,6.8,1718701200,27.8,1718686800,3.3,3.3,999,final,76,1005,0,0,248,1273,10038,8304,5707,30.8,1718649000,210,11.6,4.5
84,2024-06-19,25.6,55,436,361,126,933,1048,33.3,1718794800,6.0,211,6.8,1718776800,27.8,1718816400,0.0,0.0,997,final,77,1002,0,0,224,1273,10036,8303,5155,30.1,1718735400,211,13.6,5.4
87,2024-06-20,26.2,55,436,361,126,933,1048,33.0,1718874000,3.8,198,6.0,1718874000,27.4,1718848800,0.3,0.3,996,final,82,1001,0,0,96,1273,10034,8302,2209,29.7,1718821800,198,12.0,4.8
70,2024-06-21,26.6,55,436,361,126,933,1048,34.1,1718960400,9.5,220,6.4,1718971200,28.9,1718989200,0.0,0.0,997,final,78,1002,0,0,318,1272,10032,8300,7323,30.9,1718908200,220,12.0,5.0
63,2024-06-22,26.0,55,436,361,126,933,1048,34.8,1719046800,10.9,227,4.8,1719054000,27.8,1718996400,2.3,2.3,996,final,76,1001,0,0,320,1272,10030,8299,7366,30.9,1718994600,227,9.6,3.8
94,2024-06-23,26.8,55,436,361,126,933,1048,30.7,1719122400,3.7,209,4.0,1719082800,27.8,1719100800,20.8,20.8,995,final,87,1000,0,0,73,1272,10027,8298,1669,29.2,1719081000,209,7.2,3.2
95,2024-06-24,26.2,55,436,361,126,932,1048,33.3,1719219600,4.1,204,3.2,1719230400,26.3,1719187200,32.5,32.5,994,final,84,999,0,0,108,1272,10025,8296,2485,29.3,1719167400,204,6.4,2.5
95,2024-06-25,26.2,55,436,361,126,932,1047,34.4,1719306000,4.0,195,3.2,1719313200,27.4,1719270000,5.8,5.8,992,final,78,998,0,0,135,1271,10022,8295,3116,30.5,1719253800,195,7.6,2.1
67,2024-06-26,26.6,55,436,361,126,932,1047,35.2,1719381600,5.4,194,4.8,1719381600,28.5,1719360000,4.3,4.3,992,final,77,997,0,0,275,1271,10019,8293,6324,31.3,1719340200,194,8.8,2.9
96,2024-06-27,25.9,55,435,360,126,932,1047,33.0,1719482400,5.7,174,6.4,1719486000,28.1,1719442800,1.5,1.5,994,final,78,999,0,0,135,1271,10016,8291,3109,30.2,1719426600,174,12.8,4.8
100,2024-06-28,25.8,55,435,360,126,932,1047,30.7,1719514800,3.7,190,7.6,1719514800,26.7,1719576000,20.8,20.8,995,final,86,1000,0,0,69,1270,10013,8289,1582,28.4,1719513000,190,12.0,4.9
100,2024-06-29,26.2,55,435,360,126,932,1047,30.4,1719648000,3.7,204,7.2,1719651600,27.0,1719662400,17.0,17.0,996,final,89,1001,0,0,65,1270,10009,8287,1500,28.3,1719599400,204,13.2,5.4
100,2024-06-30,26.3,55,435,360,126,932,1047,29.3,1719694800,3.7,201,4.8,1719763200,26.7,1719716400,50.8,50.8,997,final,93,1002,0,0,40,1270,10006,8285,921,27.5,1719685800,201,10.8,4.1
99,2024-07-01,25.9,55,435,360,126,932,1047,28.5,1719788400,3.7,210,8.0,1719788400,26.7,1719824400,55.0,55.0,995,final,91,1000,0,0,63,1269,10002,8283,1444,27.5,1719772200,210,13.6,6.7
99,2024-07-02,25.9,55,435,360,126,932,1047,31.1,1719939600,4.0,223,9.2,1719864000,25.9,1719885600,61.5,61.5,994,final,88,999,0,0,86,1269,9999,8280,1979,28.1,1719858600,223,16.8,7.4
89,2024-07-03,26.7,55,435,360,126,932,1047,31.9,1719997200,6.5,223,7.6,1719997200,27.8,1719957600,0.3,0.3,996,final,86,1001,0,0,229,1268,9995,8278,5259,29.3,1719945000,223,13.6,6.3
99,2024-07-04,26.8,55,434,360,126,932,1047,31.5,1720083600,4.1,218,6.0,1720090800,27.4,1720112400,7.3,7.3,997,final,88,1002,0,0,84,1268,9991,8275,1931,29.0,1720031400,218,12.4,5.1
99,2024-07-05,26.1,55,434,360,126,932,1047,29.3,1720119600,3.7,215,6.0,1720198800,26.7,1720148400,59.8,59.8,995,final,91,1000,0,0,66,1268,9987,8272,1507,27.8,1720117800,215,12.4,5.0
100,2024-07-06,26.0,55,434,360,126,932,1047,30.4,1720256400,3.8,217,7.2,1720245600,27.0,1720213200,9.5,9.5,994,final,86,999,0,0,68,1267,9982,8270,1563,28.6,1720204200,217,13.6,5.4
94,2024-07-07,26.3,55,434,359,126,932,1047,32.2,1720342800,3.7,227,7.2,1720342800,27.4,1720299600,0.0,0.0,995,final,82,1000,0,0,117,1267,9978,8267,2685,29.7,1720290600,227,13.6,5.3
99,2024-07-08,26.3,55,434,359,126,932,1047,30.7,1720429200,3.7,211,4.0,1720429200,27.0,1720396800,6.5,6.5,996,final,86,1001,0,0,78,1266,9973,8263,1793,28.9,1720377000,211,7.2,2.9
90,2024-07-09,25.9,55,433,359,126,932,1047,31.5,1720515600,3.8,213,4.8,1720537200,26.7,1720483200,8.3,8.3,997,final,84,1002,0,0,118,1266,9969,8260,2703,29.0,1720463400,213,8.4,3.6
78,2024-07-10,25.7,55,433,359,126,932,1047,31.1,1720591200,8.0,207,5.6,1720587600,26.3,1720569600,2.0,2.0,1000,final,85,1005,0,0,282,1265,9964,8257,6487,28.5,1720549800,207,10.4,4.5
99,2024-07-11,26.1,55,433,359,126,932,1047,30.4,1720652400,4.0,212,5.2,1720684800,27.0,1720674000,1.8,1.8,999,final,88,1004,0,0,82,1264,9959,8253,1878,28.3,1720636200,212,10.0,4.5
99,2024-07-12,26.0,55,433,359,126,932,1047,30.4,1720760400,4.2,222,6.0,1720774800,26.7,1720742400,36.8,36.8,997,final,90,1002,0,0,76,1264,9954,8249,1744,27.8,1720722600,222,10.8,5.0
99,2024-07-13,25.9,55,433,359,126,932,1048,29.3,1720890000,3.9,231,5.2,1720882800,26.3,1720828800,47.5,47.5,996,final,90,1001,0,0,67,1263,9949,8246,1552,27.7,1720809000,231,10.4,3.9
87,2024-07-14,26.5,55,432,358,126,933,1048,32.2,1720947600,5.5,218,4.0,1720897200,26.7,1720911600,2.3,2.3,995,final,86,1000,0,0,197,1263,9943,8241,4542,29.1,1720895400,218,8.4,2.8
98,2024-07-15,26.5,55,432,358,126,933,1048,31.1,1721034000,3.9,240,3.6,1721023200,27.0,1721062800,37.3,37.3,995,final,88,1000,0,0,84,1262,9938,8237,1928,28.7,1720981800,240,6.4,2.4
98,2024-07-16,26.4,55,432,358,126,933,1048,30.4,1721116800,3.7,206,4.0,1721131200,26.7,1721077200,10.3,10.3,994,final,91,999,0,0,64,1261,9932,8233,1464,28.1,1721068200,206,6.0,2.6
96,2024-07-17,25.9,55,432,358,126,933,1048,30.7,1721203200,5.4,199,6.0,1721203200,26.3,1721181600,2.5,2.5,995,final,86,1000,0,0,138,1261,9926,8228,3180,28.5,1721154600,199,10.8,4.5
95,2024-07-18,26.2,55,431,358,126,933,1048,30.7,1721268000,4.0,204,6.4,1721242800,26.7,1721322000,3.3,3.3,995,final,89,1000,0,0,104,1260,9920,8224,2383,28.2,1721241000,204,10.8,4.6
94,2024-07-19,26.1,55,431,357,126,933,1048,29.6,1721376000,5.3,198,7.2,1721383200,26.7,1721329200,14.3,14.3,993,final,90,998,0,0,134,1259,9914,8219,3072,27.9,1721327400,198,14.0,5.2
100,2024-07-20,26.3,55,431,357,126,933,1048,30.4,1721437200,3.7,201,6.0,1721437200,26.7,1721476800,4.5,4.5,994,final,91,1000,0,0,58,1259,9908,8213,1323,27.9,1721413800,201,11.2,4.9
100,2024-07-21,26.4,55,430,357,126,933,1048,30.4,1721541600,3.8,211,6.0,1721563200,26.7,1721581200,36.0,36.0,995,final,91,1000,0,0,69,1258,9901,8208,1578,28.0,1721500200,211,9.2,4.6
100,2024-07-22,25.8,55,430,357,126,933,1048,27.4,1721628000,3.7,211,7.6,1721588400,25.9,1721588400,47.5,47.5,996,final,95,1001,0,0,36,1257,9895,8202,820,26.8,1721586600,211,14.4,5.1
100,2024-07-23,26.1,55,430,356,126,934,1048,27.4,1721703600,3.7,231,6.4,1721725200,26.3,1721721600,83.5,83.5,997,final,96,1002,0,0,36,1257,9888,8197,834,26.9,1721673000,231,12.0,5.4
100,2024-07-24,25.9,55,430,356,126,934,1049,28.5,1721800800,3.7,239,6.4,1721775600,25.6,1721768400,105.5,105.5,994,final,95,1000,0,0,43,1256,9881,8191,997,26.8,1721759400,239,11.6,5.0
100,2024-07-25,25.5,55,429,356,126,934,1049,29.3,1721887200,3.7,246,6.8,1721862000,25.9,1721919600,5.0,5.0,994,final,92,999,0,0,64,1255,9874,8184,1476,27.1,1721845800,246,14.0,5.0
98,2024-07-26,26.0,55,429,356,126,934,1049,29.6,1721984400,4.6,239,6.8,1721941200,26.7,1721937600,54.8,54.8,995,final,89,1000,0,0,100,1254,9867,8178,2310,27.9,1721932200,239,15.2,5.8
97,2024-07-27,25.9,54,429,355,126,934,1049,29.3,1722060000,3.7,240,6.0,1722027600,27.0,1722092400,11.5,11.5,996,final,90,1001,0,0,74,1253,9860,8171,1713,27.7,1722018600,240,11.2,4.7
100,2024-07-28,25.9,54,428,355,126,934,1049,30.0,1722146400,3.7,240,6.0,1722146400,26.7,1722117600,34.5,34.5,994,final,89,999,0,0,74,1252,9852,8164,1707,27.9,1722105000,240,10.0,4.3
100,2024-07-29,25.6,54,428,355,126,935,1049,27.4,1722193200,3.8,223,6.0,1722243600,26.3,1722243600,45.8,45.8,993,final,94,998,0,0,45,1251,9844,8157,1027,26.7,1722191400,223,11.2,4.3
90,2024-07-30,26.2,54,428,354,126,935,1049,29.6,1722330000,4.9,216,6.0,1722330000,26.3,1722279600,1.8,1.8,996,final,92,1001,0,0,168,1251,9836,8149,3871,27.7,1722277800,216,10.8,4.4
85,2024-07-31,26.0,54,427,354,126,935,1049,30.7,1722416400,6.5,226,6.4,1722405600,26.3,1722380400,0.0,0.0,999,final,88,1004,0,0,175,1250,9828,8141,4032,28.2,1722364200,226,12.4,4.7
100,2024-08-01,25.5,54,427,354,126,935,1049,29.3,1722466800,3.7,230,7.2,1722466800,25.9,1722470400,7.8,7.8,998,final,89,1003,0,0,63,1249,9820,8133,1439,27.4,1722450600,230,12.4,5.2
99,2024-08-02,25.4,54,427,353,126,935,1049,30.0,1722585600,3.8,231,7.2,1722596400,26.3,1722556800,23.8,23.8,997,final,90,1002,0,0,81,1248,9811,8124,1865,27.2,1722537000,231,12.8,5.9
100,2024-08-03,25.9,54,426,353,126,936,1049,28.5,1722672000,3.7,230,7.2,1722675600,25.6,1722632400,59.0,59.0,997,final,95,1002,0,0,41,1247,9803,8116,954,26.7,1722623400,230,13.6,5.5
100,2024-08-04,25.7,54,426,352,126,936,1049,27.4,1722751200,3.7,236,5.6,1722747600,25.9,1722711600,47.0,47.0,998,final,95,1003,0,0,35,1245,9794,8106,811,26.6,1722709800,236,10.0,4.7
97,2024-08-05,25.3,54,425,352,126,936,1049,29.6,1722848400,4.1,223,6.8,1722805200,25.9,1722877200,7.0,7.0,999,final,89,1004,0,0,92,1244,9785,8097,2112,27.3,1722796200,223,13.6,5.6
86,2024-08-06,25.3,54,425,352,126,936,1049,29.3,1722931200,6.8,229,6.8,1722934800,25.6,1722895200,0.3,0.3,1000,final,89,1005,0,0,217,1243,9775,8087,4983,27.2,1722882600,229,14.0,5.0
87,2024-08-07,25.2,54,425,351,126,936,1048,30.4,1723021200,4.6,239,6.0,1723021200,25.6,1722985200,0.0,0.0,1000,final,86,1005,0,0,166,1242,9766,8077,3814,27.8,1722969000,239,11.6,4.7
94,2024-08-08,25.0,54,424,351,126,937,1048,29.3,1723107600,3.7,232,5.2,1723064400,25.9,1723082400,5.5,5.5,1001,final,87,1006,0,0,78,1241,9756,8067,1803,27.4,1723055400,232,9.6,4.2
99,2024-08-09,25.3,54,424,350,126,937,1048,30.4,1723194000,3.8,225,4.8,1723204800,25.9,1723158000,2.8,2.8,1002,final,88,1007,0,0,77,1240,9746,8056,1781,27.4,1723141800,225,10.0,3.8
98,2024-08-10,25.5,54,423,350,126,937,1048,29.3,1723269600,4.6,232,5.2,1723280400,25.9,1723255200,14.5,14.5,1002,final,90,1007,0,0,88,1238,9736,8045,2016,27.3,1723228200,232,10.0,3.9
86,2024-08-11,25.2,54,423,349,126,937,1048,30.4,1723356000,5.0,234,6.8,1723345200,25.9,1723327200,4.3,4.3,1000,final,87,1005,0,0,221,1237,9726,8033,5072,27.5,1723314600,234,12.0,4.5
93,2024-08-12,25.2,54,422,349,126,937,1047,28.9,1723402800,3.8,227,5.6,1723402800,25.6,1723402800,12.0,12.0,1000,final,90,1005,0,0,67,1236,9715,8021,1535,27.0,1723401000,227,10.8,3.9
74,2024-08-13,25.4,54,422,348,126,938,1047,31.5,1723492800,5.6,220,4.8,1723492800,25.6,1723507200,2.3,2.3,1001,final,86,1006,0,0,191,1235,9704,8009,4384,28.0,1723487400,220,8.8,3.8
91,2024-08-14,25.6,54,421,348,126,938,1047,31.5,1723626000,6.9,219,4.4,1723622400,25.9,1723593600,0.0,0.0,1001,final,85,1006,0,0,170,1233,9693,7996,3918,28.5,1723573800,219,7.6,3.1
92,2024-08-15,25.3,54,421,347,126,938,1046,32.2,1723712400,4.7,224,4.4,1723723200,26.3,1723680000,0.0,0.0,1000,final,82,1005,0,0,128,1232,9682,7983,2952,28.7,1723660200,224,8.0,3.0
97,2024-08-16,25.6,53,420,347,126,938,1046,31.9,1723795200,4.1,221,4.4,1723795200,26.3,1723762800,1.8,1.8,999,final,84,1004,0,0,117,1230,9670,7970,2693,28.6,1723746600,221,9.6,3.5
99,2024-08-17,25.7,53,420,346,126,938,1045,32.2,1723892400,3.8,221,4.0,1723888800,25.9,1723860000,0.0,0.0,1000,final,84,1006,0,0,86,1229,9658,7956,1984,28.9,1723833000,221,7.6,2.7
96,2024-08-18,25.5,53,419,345,126,939,1045,32.6,1723971600,3.7,237,2.4,1723971600,26.7,1723932000,0.3,0.3,1001,final,81,1007,0,0,115,1227,9646,7942,2639,29.3,1723919400,237,5.6,1.8
95,2024-08-19,25.8,53,419,345,126,939,1044,33.3,1724065200,4.0,248,2.8,1724058000,27.0,1724018400,2.3,2.3,1000,final,79,1006,0,0,108,1226,9634,7927,2482,29.9,1724005800,248,5.6,1.4
97,2024-08-20,26.2,53,418,344,126,939,1044,32.6,1724133600,4.8,237,2.8,1724130000,26.7,1724173200,27.3,27.3,1000,final,86,1005,0,0,125,1224,9621,7912,2876,28.8,1724092200,237,6.4,1.8
98,2024-08-21,25.7,53,418,343,126,939,1043,31.9,1724216400,3.7,227,2.0,1724220000,25.2,1724230800,25.3,25.3,1001,final,87,1006,0,0,107,1223,9608,7896,2463,28.2,1724178600,227,5.2,1.3
97,2024-08-22,26.6,53,417,343,126,939,1042,34.1,1724320800,3.7,224,2.8,1724320800,27.0,1724281200,34.3,34.3,1000,final,84,1005,0,0,99,1221,9594,7880,2278,29.6,1724265000,224,5.6,1.4
100,2024-08-23,26.1,53,417,342,126,939,1042,30.4,1724392800,3.6,197,3.2,1724389200,25.6,1724432400,36.3,36.3,1000,final,91,1005,0,0,55,1219,9581,7864,1262,27.7,1724351400,197,5.6,1.7
100,2024-08-24,25.2,53,416,341,126,940,1041,27.4,1724454000,3.8,235,4.4,1724461200,25.6,1724468400,80.8,80.8,1000,final,95,1005,0,0,49,1217,9567,7847,1136,26.2,1724437800,235,8.4,2.9
100,2024-08-25,24.8,53,415,340,126,940,1040,26.7,1724565600,3.6,253,6.4,1724598000,25.2,1724544000,76.5,76.5,997,final,93,1003,0,0,42,1215,9552,7830,966,26.0,1724524200,253,14.8,5.4
100,2024-08-26,24.9,53,415,340,126,940,1039,27.8,1724684400,3.6,236,6.8,1724652000,25.2,1724652000,33.0,33.0,995,final,92,1000,0,0,42,1214,9537,7812,966,26.2,1724610600,236,14.4,6.1
100,2024-08-27,24.9,53,414,339,126,940,1038,27.8,1724749200,3.6,203,8.0,1724749200,25.2,1724713200,4.0,4.0,997,final,92,1002,0,0,52,1212,9522,7794,1193,26.3,1724697000,203,16.0,6.6
97,2024-08-28,25.2,53,413,338,126,940,1037,29.3,1724835600,4.2,207,8.4,1724788800,25.2,1724803200,8.5,8.5,998,final,90,1003,0,0,86,1210,9506,7775,1967,27.0,1724783400,207,14.8,6.4
89,2024-08-29,25.2,53,413,337,126,940,1036,30.4,1724918400,5.8,206,7.2,1724911200,25.9,1724886000,2.8,2.8,998,final,89,1003,0,0,148,1208,9490,7756,3395,27.3,1724869800,206,16.0,5.8
60,2024-08-30,25.1,52,412,336,126,940,1035,31.5,1725004800,6.1,200,6.0,1725004800,25.9,1724972400,1.0,1.0,1000,final,82,1005,0,0,288,1206,9474,7736,6630,28.5,1724956200,200,11.6,4.5
72,2024-08-31,25.2,52,411,335,126,941,1034,31.9,1725094800,7.5,219,3.2,1725116400,25.6,1725058800,0.0,0.0,1002,final,83,1007,0,0,211,1203,9457,7716,4843,28.4,1725042600,219,6.4,2.5
97,2024-09-01,25.2,52,410,335,126,941,1033,32.6,1725145200,4.3,241,4.4,1725145200,25.6,1725148800,7.3,7.3,1001,final,82,1006,0,0,128,1201,9440,7696,2944,28.8,1725129000,241,8.0,2.8
100,2024-09-02,25.5,52,410,334,126,941,1032,27.4,1725217200,3.5,267,4.0,1725224400,25.2,1725289200,88.8,88.8,1000,final,93,1005,0,0,37,1199,9422,7675,842,26.7,1725215400,267,8.0,2.9
100,2024-09-03,25.2,52,409,333,126,941,1030,28.1,1725364800,3.5,244,3.2,1725364800,25.2,1725321600,49.0,49.0,1000,final,92,1005,0,0,48,1197,9404,7654,1103,26.6,1725301800,244,6.8,2.7
99,2024-09-04,25.4,52,408,332,126,941,1029,30.4,1725440400,3.5,226,5.2,1725429600,25.6,1725404400,11.8,11.8,1001,final,88,1006,0,0,69,1194,9385,7632,1588,27.6,1725388200,226,11.2,3.7
96,2024-09-05,25.6,52,407,331,126,941,1028,30.4,1725523200,3.7,233,5.2,1725523200,25.6,1725555600,8.0,8.0,999,final,91,1004,0,0,84,1192,9366,7610,1935,27.3,1725474600,233,10.0,3.7
92,2024-09-06,25.3,52,406,330,126,941,1026,29.3,1725609600,5.6,237,4.8,1725602400,25.6,1725562800,6.5,6.5,1000,final,90,1006,0,0,140,1189,9346,7587,3211,27.1,1725561000,237,10.0,3.4
53,2024-09-07,25.1,52,405,329,126,941,1025,30.4,1725699600,7.9,235,4.4,1725717600,25.2,1725656400,5.3,5.3,1001,final,86,1006,0,0,312,1187,9326,7564,7173,27.8,1725647400,235,8.8,3.2
58,2024-09-08,25.5,51,405,328,126,941,1023,31.5,1725786000,7.5,229,4.0,1725775200,25.9,1725750000,3.3,3.3,1001,final,86,1007,0,0,273,1184,9305,7541,6285,28.1,1725733800,229,8.4,3.2
92,2024-09-09,25.6,51,404,327,126,941,1021,31.5,1725872400,4.8,238,4.0,1725861600,25.9,1725840000,10.3,10.3,999,final,86,1004,0,0,118,1181,9284,7517,2711,28.3,1725820200,238,8.0,3.0
96,2024-09-10,25.4,51,403,326,126,941,1020,30.4,1725958800,4.4,230,4.0,1725969600,25.9,1725933600,40.3,40.3,998,final,87,1003,0,0,87,1178,9262,7492,1997,27.8,1725906600,230,8.0,3.1
98,2024-09-11,25.2,51,402,325,126,941,1018,29.6,1726045200,3.7,230,4.0,1726063200,25.6,1726009200,11.5,11.5,999,final,88,1004,0,0,74,1176,9240,7468,1693,27.4,1725993000,230,8.4,3.5
94,2024-09-12,24.5,51,401,324,126,941,1016,30.4,1726138800,3.8,226,5.2,1726138800,25.6,1726099200,3.5,3.5,1001,final,84,1006,0,0,109,1173,9218,7442,2501,27.7,1726079400,226,10.0,4.0
53,2024-09-13,24.7,51,400,322,126,941,1014,31.5,1726246800,6.8,223,5.2,1726246800,25.9,1726185600,0.0,0.0,1002,final,83,1007,0,0,299,1170,9194,7417,6874,27.9,1726165800,223,12.0,3.9
52,2024-09-14,23.9,51,399,321,126,941,1012,30.4,1726257600,7.6,215,5.2,1726257600,24.4,1726290000,4.8,4.8,1001,final,83,1006,0,0,237,1166,9171,7391,5459,27.2,1726252200,215,10.8,3.8
55,2024-09-15,24.4,51,398,320,126,941,1010,30.4,1726390800,7.3,225,4.0,1726412400,24.1,1726340400,0.0,0.0,1002,final,86,1007,0,0,295,1163,9147,7365,6781,27.1,1726338600,225,9.6,3.0
29,2024-09-16,23.6,50,397,319,126,941,1008,32.6,1726477200,9.5,250,4.0,1726473600,24.8,1726444800,0.0,0.0,1003,final,78,1008,0,0,313,1160,9123,7338,7199,28.2,1726425000,250,7.6,2.4
27,2024-09-17,23.8,50,396,318,126,941,1006,32.6,1726563600,7.9,254,3.6,1726556400,25.2,1726531200,0.0,0.0,1003,final,78,1008,0,0,311,1157,9098,7311,7146,28.3,1726511400,254,6.8,2.4
73,2024-09-18,24.1,50,395,317,126,941,1004,31.9,1726650000,4.2,236,4.0,1726657200,25.2,1726614000,0.8,0.8,1001,final,81,1006,0,0,161,1153,9074,7284,3694,27.9,1726597800,236,7.2,2.5
34,2024-09-19,24.9,50,393,316,126,941,1002,33.0,1726736400,6.9,226,3.6,1726732800,25.9,1726700400,5.0,5.0,1002,final,80,1007,0,0,289,1149,9050,7257,6649,28.8,1726684200,226,7.6,2.8
34,2024-09-20,24.6,50,392,314,125,941,999,32.6,1726822800,7.8,228,4.0,1726830000,26.3,1726786800,0.0,0.0,1002,final,79,1007,0,0,265,1146,9026,7229,6089,28.9,1726770600,228,7.6,2.9
31,2024-09-21,24.8,50,391,313,125,941,997,32.6,1726909200,6.6,239,3.6,1726858800,25.9,1726873200,4.5,4.5,1003,final,79,1008,0,0,295,1142,9004,7201,6779,29.0,1726857000,239,6.8,2.7
66,2024-09-22,25.7,49,391,312,125,941,995,32.6,1726995600,6.3,251,3.2,1726995600,25.9,1726970400,0.3,0.3,1002,final,83,1007,0,0,226,1138,8982,7172,5206,28.9,1726943400,251,6.0,2.1
99,2024-09-23,26.2,49,390,311,125,941,992,33.0,1727082000,3.2,259,3.2,1727078400,27.0,1727046000,6.8,6.8,1001,final,82,1006,0,0,74,1134,8963,7144,1705,29.8,1727029800,259,6.4,2.0
97,2024-09-24,26.3,49,389,309,125,941,990,31.9,1727168400,4.3,240,4.0,1727168400,26.7,1727136000,36.3,36.3,1000,final,89,1005,0,0,119,1130,8948,7115,2734,28.4,1727116200,240,6.4,1.9
99,2024-09-25,25.8,49,389,308,125,941,987,30.7,1727251200,3.4,240,2.8,1727251200,24.4,1727283600,53.8,53.8,999,final,92,1004,0,0,73,1125,8936,7087,1672,27.3,1727202600,240,6.4,1.6
100,2024-09-26,25.3,49,388,307,125,940,984,27.8,1727348400,3.2,160,2.0,1727290800,24.4,1727290800,42.5,42.5,998,final,97,1003,0,0,31,1122,8925,7058,706,25.9,1727289000,160,6.0,1.2
100,2024-09-27,25.0,49,388,306,125,940,982,28.9,1727427600,3.2,163,2.0,1727427600,24.8,1727391600,93.3,93.3,998,final,93,1003,0,0,50,1119,8915,7029,1159,26.2,1727375400,163,6.4,1.3
100,2024-09-28,25.2,49,387,304,125,940,979,27.4,1727514000,3.2,213,2.8,1727514000,24.4,1727542800,32.0,32.0,1001,final,96,1006,0,0,30,1118,8904,7000,700,25.9,1727461800,213,8.0,2.0
84,2024-09-29,25.0,49,387,303,125,940,976,29.6,1727600400,3.1,207,2.8,1727600400,25.2,1727557200,0.0,0.0,1004,final,91,1009,0,0,66,1116,8894,6970,1518,26.5,1727548200,207,6.4,1.8
45,2024-09-30,25.4,48,386,302,125,940,973,31.9,1727694000,6.9,262,2.4,1727654400,24.8,1727654400,0.0,0.0,1005,final,87,1010,0,0,249,1114,8882,6940,5728,28.0,1727634600,262,5.6,1.4
40,2024-10-01,26.8,48,386,300,125,939,970,33.3,1727737200,6.4,238,2.4,1727722800,25.9,1727740800,0.0,0.0,1003,final,86,1008,0,0,275,1112,8871,6909,6316,29.4,1727721000,238,5.6,1.4
61,2024-10-02,27.0,48,385,299,124,939,967,34.1,1727856000,7.1,232,2.8,1727859600,27.0,1727823600,4.8,4.8,1003,final,86,1008,0,0,244,1110,8859,6878,5617,29.8,1727807400,232,6.0,1.7
38,2024-10-03,26.6,48,385,298,124,939,964,33.0,1727946000,6.0,223,3.6,1727953200,27.4,1727913600,0.0,0.0,1003,final,85,1008,0,0,265,1107,8847,6847,6092,29.5,1727893800,223,6.8,2.5
44,2024-10-04,25.7,48,384,296,124,939,961,32.2,1728032400,5.6,224,3.6,1728032400,26.3,1728000000,0.0,0.0,1004,final,84,1009,0,0,249,1105,8835,6816,5723,28.9,1727980200,224,6.8,2.4
26,2024-10-05,24.8,48,384,295,124,938,958,33.0,1728118800,7.7,224,2.4,1728126000,25.6,1728082800,0.0,0.0,1004,final,80,1009,0,0,286,1103,8823,6784,6587,29.0,1728066600,224,4.4,1.5
20,2024-10-06,24.8,48,383,294,124,938,955,33.7,1728205200,8.4,70,3.2,1728212400,25.6,1728169200,0.0,0.0,1005,final,78,1010,0,0,291,1101,8810,6752,6692,29.3,1728153000,70,6.4,1.7
20,2024-10-07,23.8,48,382,292,124,938,952,35.9,1728291600,9.1,60,3.6,1728270000,25.9,1728255600,0.0,0.0,1006,final,69,1011,0,0,292,1099,8797,6720,6711,30.8,1728239400,60,7.6,2.6
12,2024-10-08,23.3,48,382,291,124,937,949,35.9,1728378000,8.8,75,2.8,1728367200,26.3,1728342000,0.0,0.0,1006,final,67,1011,0,0,289,1097,8783,6687,6637,30.8,1728325800,75,6.4,2.3
61,2024-10-09,23.8,48,381,289,124,937,945,34.4,1728464400,4.0,110,2.4,1728486000,26.3,1728493200,15.3,15.3,1004,final,71,1009,0,0,153,1094,8770,6654,3513,29.9,1728412200,110,6.0,1.6
88,2024-10-10,24.4,47,381,288,124,937,942,32.2,1728550800,3.0,100,3.6,1728568800,25.9,1728579600,44.5,44.5,1003,final,78,1008,0,0,94,1092,8756,6621,2171,28.7,1728498600,100,8.4,2.4
97,2024-10-11,25.1,47,380,286,123,936,939,31.9,1728637200,2.9,62,3.2,1728615600,25.6,1728586800,10.8,10.8,1002,final,82,1008,0,0,68,1090,8742,6588,1575,28.5,1728585000,62,8.4,2.4
90,2024-10-12,24.7,47,379,285,123,936,935,33.0,1728720000,3.1,91,4.0,1728730800,25.6,1728673200,4.5,4.5,1003,final,79,1008,0,0,91,1087,8728,6555,2096,28.8,1728671400,91,8.0,2.2
55,2024-10-13,25.4,47,379,284,123,936,932,33.7,1728806400,7.9,138,2.0,1728838800,25.9,1728766800,26.0,26.0,1004,final,82,1009,0,0,276,1085,8713,6521,6337,28.9,1728757800,138,6.8,1.3
73,2024-10-14,25.0,47,378,282,123,935,928,33.7,1728896400,7.2,146,2.8,1728892800,25.2,1728860400,2.3,2.3,1005,final,80,1010,0,0,259,1082,8698,6487,5956,29.0,1728844200,146,5.6,1.8
96,2024-10-15,25.4,47,378,281,123,935,925,34.4,1728982800,3.5,113,2.4,1728939600,25.9,1728946800,3.3,3.3,1004,final,79,1010,0,0,113,1080,8683,6454,2589,29.7,1728930600,113,6.0,1.3
47,2024-10-16,26.0,47,377,279,123,935,921,34.4,1729076400,6.2,163,2.0,1729076400,26.7,1729033200,12.5,12.5,1004,final,80,1009,0,0,268,1078,8668,6420,6163,30.0,1729017000,163,4.8,1.1
73,2024-10-17,26.0,47,376,278,123,934,918,34.8,1729155600,4.3,109,2.0,1729123200,26.7,1729119600,2.3,2.3,1003,final,77,1008,0,0,151,1075,8652,6386,3481,30.8,1729103400,109,6.0,1.4
88,2024-10-18,25.9,47,376,276,122,934,914,35.6,1729238400,3.1,101,3.2,1729238400,26.7,1729270800,27.5,27.5,1003,final,78,1008,0,0,116,1073,8637,6351,2679,30.4,1729189800,101,7.6,2.1
90,2024-10-19,25.0,47,375,275,122,933,911,33.7,1729324800,5.6,145,2.0,1729339200,25.6,1729288800,18.5,18.5,1005,final,82,1010,0,0,161,1070,8621,6317,3704,28.5,1729276200,145,5.6,1.3
76,2024-10-20,24.8,46,374,273,122,933,907,32.2,1729414800,5.7,179,2.4,1729425600,24.4,1729371600,0.3,0.3,1006,final,83,1011,0,0,214,1067,8605,6283,4928,28.2,1729362600,179,5.2,1.3
57,2024-10-21,25.1,46,373,272,122,932,904,33.0,1729501200,6.6,101,1.6,1729479600,26.7,1729479600,17.8,17.8,1006,final,82,1011,0,0,219,1065,8588,6249,5041,28.6,1729449000,101,4.4,1.0
31,2024-10-22,24.7,46,373,270,122,932,900,33.7,1729587600,7.4,82,2.4,1729598400,25.6,1729562400,2.5,2.5,1006,final,78,1011,0,0,264,1062,8572,6214,6077,29.0,1729535400,82,4.0,1.4
11,2024-10-23,24.5,46,372,269,122,931,896,34.4,1729674000,7.7,66,2.4,1729663200,25.9,1729638000,0.0,0.0,1006,final,75,1011,0,0,268,1060,8555,6180,6156,29.8,1729621800,66,5.6,1.8
23,2024-10-24,23.3,46,371,267,122,931,893,34.8,1729760400,5.9,140,1.6,1729760400,25.2,1729728000,0.0,0.0,1005,final,72,1011,0,0,249,1057,8539,6146,5726,29.6,1729708200,140,5.6,1.2
35,2024-10-25,21.5,46,371,266,121,930,889,34.8,1729846800,4.8,90,2.4,1729839600,23.7,1729814400,0.0,0.0,1005,final,69,1011,0,0,221,1055,8522,6112,5073,28.7,1729794600,90,4.8,1.7
20,2024-10-26,21.6,46,370,264,121,930,885,35.2,1729933200,8.3,182,2.0,1729940400,22.6,1729900800,0.0,0.0,1006,final,72,1011,0,0,262,1052,8505,6077,6022,28.1,1729881000,182,4.4,1.5
19,2024-10-27,22.2,46,369,263,121,929,882,34.8,1730019600,7.8,213,2.8,1730008800,23.0,1729983600,0.0,0.0,1004,final,73,1009,0,0,259,1049,8487,6043,5964,28.3,1729967400,213,6.0,1.5
14,2024-10-28,23.4,46,368,261,121,929,878,35.2,1730106000,8.2,226,2.0,1730116800,22.6,1730073600,0.0,0.0,1002,final,77,1007,0,0,259,1047,8470,6009,5957,28.5,1730053800,226,4.4,1.4
42,2024-10-29,24.3,45,368,260,121,928,874,34.8,1730192400,6.0,235,2.0,1730192400,24.4,1730160000,0.0,0.0,1004,final,77,1009,0,0,241,1044,8453,5976,5554,29.2,1730140200,235,4.4,1.5
30,2024-10-30,24.0,45,367,258,121,928,871,35.6,1730278800,7.9,96,2.4,1730271600,25.6,1730242800,0.0,0.0,1005,final,75,1010,0,0,255,1041,8435,5942,5875,29.7,1730226600,96,5.2,1.3
0,2024-10-31,20.7,45,366,257,121,927,867,35.9,1730365200,8.0,68,4.0,1730361600,23.7,1730340000,0.0,0.0,1006,final,65,1011,0,0,257,1039,8418,5908,5908,29.1,1730313000,68,8.0,2.5
0,2024-11-01,20.1,45,365,255,120,926,864,35.9,1730415600,7.9,54,2.8,1730415600,22.2,1730419200,0.0,0.0,1007,final,65,1012,0,0,255,1036,8400,5875,5875,28.5,1730399400,54,6.0,2.2
0,2024-11-02,19.5,45,364,254,120,926,860,35.6,1730538000,7.8,54,2.4,1730530800,21.9,1730505600,0.0,0.0,1007,final,64,1013,0,0,254,1033,8383,5842,5842,28.3,1730485800,54,5.2,1.9
1,2024-11-03,20.3,45,364,253,120,925,856,35.6,1730624400,7.8,60,2.8,1730631600,22.6,1730588400,0.0,0.0,1007,final,65,1013,0,0,253,1031,8365,5809,5808,28.5,1730572200,60,6.4,2.1
0,2024-11-04,19.6,45,363,251,120,925,853,35.2,1730710800,7.7,51,2.4,1730714400,22.6,1730674800,0.0,0.0,1007,final,62,1012,0,0,251,1028,8348,5777,5777,28.6,1730658600,51,6.0,1.8
0,2024-11-05,18.9,45,362,250,120,924,849,35.9,1730797200,7.7,72,2.8,1730800800,22.6,1730764800,0.0,0.0,1007,final,61,1012,0,0,250,1025,8330,5744,5744,28.7,1730745000,72,6.0,2.3
0,2024-11-06,18.2,44,361,248,120,924,846,35.9,1730883600,7.6,64,2.8,1730880000,22.2,1730847600,0.0,0.0,1008,final,59,1013,0,0,248,1023,8312,5712,5712,28.5,1730831400,64,6.0,1.9
0,2024-11-07,18.1,44,361,247,119,923,842,35.6,1730970000,7.5,77,3.2,1730973600,21.5,1730937600,0.0,0.0,1008,final,60,1013,0,0,247,1020,8295,5681,5681,28.0,1730917800,77,6.8,2.2
0,2024-11-08,18.8,44,360,246,119,922,839,35.2,1731056400,7.5,72,2.4,1731063600,21.5,1731024000,0.0,0.0,1008,final,61,1013,0,0,246,1018,8278,5649,5649,28.0,1731004200,72,6.4,2.0
5,2024-11-09,17.7,44,359,244,119,922,835,35.2,1731142800,7.4,73,2.4,1731142800,21.5,1731110400,0.0,0.0,1007,final,57,1013,0,0,244,1015,8260,5618,5613,28.1,1731090600,73,6.0,1.8
0,2024-11-10,16.9,44,358,243,119,921,832,34.8,1731229200,7.4,78,3.6,1731225600,21.1,1731196800,0.0,0.0,1008,final,57,1013,0,0,243,1012,8243,5588,5588,27.5,1731177000,78,7.2,2.2
0,2024-11-11,16.4,44,358,242,119,921,829,34.8,1731315600,7.3,81,4.0,1731315600,20.4,1731279600,0.0,0.0,1008,final,58,1013,0,0,242,1010,8226,5557,5557,27.1,1731263400,81,8.4,2.4
0,2024-11-12,16.7,44,357,240,119,920,825,34.4,1731402000,7.3,78,4.0,1731402000,20.4,1731358800,0.0,0.0,1007,final,58,1012,0,0,240,1007,8209,5528,5528,26.8,1731349800,78,8.8,2.8
0,2024-11-13,15.3,44,356,239,118,920,822,33.7,1731488400,7.2,78,4.8,1731495600,20.7,1731445200,0.0,0.0,1006,final,53,1011,0,0,239,1005,8192,5498,5498,26.9,1731436200,78,10.0,3.5
0,2024-11-14,15.3,44,355,238,118,919,819,34.4,1731574800,7.2,77,4.4,1731553200,21.9,1731538800,0.0,0.0,1007,final,50,1012,0,0,238,1003,8176,5470,5470,27.6,1731522600,77,9.2,3.0
31,2024-11-15,16.9,43,355,237,118,918,816,34.4,1731661200,5.2,150,2.8,1731661200,21.9,1731628800,0.0,0.0,1007,final,54,1013,0,0,231,1000,8159,5441,5316,27.7,1731609000,150,6.4,2.1
9,2024-11-16,18.3,43,354,235,118,918,813,33.7,1731747600,7.1,64,2.8,1731744000,22.2,1731715200,0.0,0.0,1007,final,59,1012,0,0,235,998,8143,5413,5413,27.7,1731695400,64,6.8,2.1
6,2024-11-17,17.4,43,353,234,118,917,810,33.7,1731834000,6.9,66,4.0,1731830400,23.3,1731798000,0.0,0.0,1007,final,55,1012,0,0,234,995,8127,5386,5386,28.0,1731781800,66,9.2,3.1
0,2024-11-18,14.8,43,353,233,118,917,807,32.6,1731870000,7.0,70,4.0,1731870000,21.1,1731870000,0.0,0.0,1008,final,51,1013,0,0,233,993,8111,5359,5359,26.6,1731868200,70,8.4,3.2
0,2024-11-19,15.1,43,352,232,118,916,804,31.9,1731956400,6.9,70,3.6,1731956400,20.0,1731956400,0.0,0.0,1009,final,55,1014,0,0,232,991,8096,5333,5333,25.8,1731954600,70,8.0,2.8
0,2024-11-20,15.1,43,351,231,117,916,801,31.5,1732042800,6.9,65,3.6,1732042800,20.4,1732042800,0.0,0.0,1008,final,55,1013,0,0,231,989,8080,5308,5308,25.5,1732041000,65,8.4,2.7
0,2024-11-21,15.4,43,351,230,117,915,798,31.1,1732129200,6.8,49,3.2,1732129200,19.3,1732129200,0.0,0.0,1008,final,58,1013,0,0,230,987,8065,5283,5283,25.0,1732127400,49,7.6,2.3
0,2024-11-22,15.8,43,350,229,117,915,795,31.1,1732230000,6.8,55,3.6,1732230000,18.5,1732233600,0.0,0.0,1007,final,60,1012,0,0,229,984,8051,5258,5258,24.9,1732213800,55,8.0,2.6
0,2024-11-23,15.7,43,349,228,117,914,793,31.5,1732352400,6.8,124,2.8,1732309200,19.6,1732316400,0.0,0.0,1008,final,59,1013,0,0,228,982,8036,5235,5235,24.9,1732300200,124,6.4,1.9
9,2024-11-24,16.3,43,349,227,117,914,790,31.5,1732438800,6.6,63,2.8,1732438800,19.3,1732406400,0.0,0.0,1008,final,61,1013,0,0,226,980,8022,5212,5205,25.1,1732386600,63,6.8,2.2
7,2024-11-25,14.8,43,348,226,117,913,788,30.7,1732525200,6.6,70,4.4,1732525200,20.4,1732482000,0.0,0.0,1008,final,55,1013,0,0,226,978,8009,5189,5189,25.2,1732473000,70,8.4,3.3
0,2024-11-26,12.5,42,348,225,117,913,785,31.5,1732611600,6.6,71,4.4,1732604400,18.9,1732575600,0.0,0.0,1008,final,50,1014,0,0,225,977,7995,5167,5167,24.6,1732559400,71,9.2,3.3
0,2024-11-27,12.1,42,347,224,117,912,783,31.1,1732698000,6.6,71,4.4,1732690800,18.1,1732665600,0.0,0.0,1008,final,50,1013,0,0,224,975,7982,5147,5147,24.4,1732645800,71,9.2,3.3
0,2024-11-28,12.5,42,347,223,117,912,780,30.7,1732784400,6.6,70,5.6,1732784400,17.4,1732752000,0.0,0.0,1008,final,52,1013,0,0,223,973,7970,5126,5126,24.0,1732732200,70,11.2,3.5
0,2024-11-29,11.2,42,346,222,116,911,778,28.9,1732870800,6.5,65,4.8,1732867200,18.1,1732824000,0.0,0.0,1008,final,49,1013,0,0,222,971,7958,5107,5107,23.5,1732818600,65,10.8,3.5
2,2024-11-30,11.6,42,345,221,116,911,776,28.9,1732957200,6.5,57,4.4,1732953600,17.0,1732917600,0.0,0.0,1007,final,52,1012,0,0,221,969,7946,5088,5088,22.7,1732905000,57,9.2,3.3
47,2024-12-01,13.6,42,345,220,116,911,774,30.0,1732993200,5.6,54,3.6,1732993200,17.4,1732993200,0.0,0.0,1005,final,56,1010,0,0,162,968,7934,5070,3720,23.5,1732991400,54,8.4,2.8
50,2024-12-02,16.5,42,344,220,116,910,772,31.5,1733083200,6.4,72,4.8,1733079600,20.0,1733086800,0.0,0.0,1004,final,60,1009,0,0,199,966,7923,5053,4574,25.4,1733077800,72,9.6,3.4
54,2024-12-03,17.6,42,344,219,116,910,770,32.2,1733216400,6.0,70,4.8,1733212800,22.2,1733191200,0.0,0.0,1006,final,57,1011,0,0,208,965,7913,5037,4787,27.2,1733164200,70,9.2,3.6
75,2024-12-04,18.9,42,344,218,116,910,768,31.9,1733302800,5.2,63,4.4,1733328000,24.4,1733259600,0.0,0.0,1006,final,59,1012,0,0,191,963,7903,5021,4386,27.7,1733250600,63,8.4,3.1
28,2024-12-05,21.1,42,343,218,116,909,767,32.2,1733389200,5.5,61,3.6,1733378400,24.1,1733353200,0.0,0.0,1007,final,68,1012,0,0,214,962,7893,5006,4918,27.7,1733337000,61,7.2,2.3
51,2024-12-06,18.6,42,343,217,116,909,765,32.2,1733475600,4.2,128,2.8,1733454000,22.6,1733450400,0.0,0.0,1006,final,63,1012,0,0,173,961,7884,4992,3972,26.8,1733423400,128,6.4,2.4
72,2024-12-07,12.0,42,342,216,116,909,764,30.0,1733562000,5.1,192,2.8,1733562000,19.6,1733529600,0.0,0.0,1006,final,49,1012,0,0,189,960,7875,4979,4358,24.4,1733509800,192,6.8,2.1
2,2024-12-08,11.9,42,342,216,116,909,762,29.3,1733648400,6.3,184,2.8,1733648400,17.0,1733616000,0.0,0.0,1007,final,53,1012,0,0,216,958,7866,4967,4967,22.7,1733596200,184,6.4,2.1
11,2024-12-09,5.4,42,342,215,116,908,761,27.4,1733734800,5.8,37,4.4,1733745600,15.6,1733709600,0.0,0.0,1008,final,39,1014,0,0,204,957,7858,4956,4691,21.2,1733682600,37,9.2,3.3
14,2024-12-10,7.2,42,341,215,116,908,760,27.4,1733821200,5.6,53,5.6,1733799600,14.4,1733796000,0.0,0.0,1008,final,43,1014,0,0,202,956,7851,4946,4649,20.8,1733769000,53,11.6,4.0
2,2024-12-11,12.0,42,341,215,115,908,759,30.4,1733907600,6.3,61,4.0,1733889600,17.4,1733871600,0.0,0.0,1008,final,50,1013,0,0,215,956,7844,4936,4935,23.2,1733855400,61,8.4,3.1
11,2024-12-12,13.6,42,341,214,115,908,758,29.6,1733994000,6.2,65,3.6,1734001200,17.4,1733968800,0.0,0.0,1008,final,58,1013,0,0,210,955,7838,4928,4827,23.0,1733941800,65,6.8,2.7
65,2024-12-13,10.6,41,341,214,115,908,757,28.1,1734080400,2.2,58,5.6,1734069600,16.7,1734044400,0.0,0.0,1009,final,51,1014,0,0,100,954,7832,4920,2310,21.9,1734028200,58,11.6,4.0
3,2024-12-14,9.8,41,340,214,115,908,756,28.5,1734166800,6.2,71,5.6,1734141600,16.3,1734123600,0.0,0.0,1010,final,46,1015,0,0,214,953,7826,4913,4913,22.3,1734114600,71,10.8,4.2
0,2024-12-15,10.4,41,340,213,115,908,755,30.7,1734253200,6.2,73,4.4,1734220800,17.4,1734220800,0.0,0.0,1010,final,47,1015,0,0,213,953,7821,4908,4908,23.2,1734201000,73,8.8,3.5
0,2024-12-16,10.9,41,340,213,115,907,755,31.9,1734339600,6.2,92,3.6,1734339600,16.3,1734303600,0.0,0.0,1008,final,49,1014,0,0,213,952,7817,4903,4903,23.3,1734287400,92,8.0,2.6
8,2024-12-17,12.2,41,340,213,115,907,754,31.1,1734426000,6.2,103,2.8,1734433200,15.9,1734393600,0.0,0.0,1007,final,55,1012,0,0,213,952,7813,4899,4888,22.9,1734373800,103,5.2,1.9
16,2024-12-18,12.5,41,340,213,115,907,754,32.2,1734526800,6.2,161,2.8,1734526800,16.3,1734487200,0.0,0.0,1006,final,55,1011,0,0,213,951,7809,4896,4896,23.2,1734460200,161,6.4,2.0
0,2024-12-19,13.6,41,339,213,115,907,754,31.5,1734598800,6.2,172,2.4,1734602400,15.9,1734566400,0.0,0.0,1006,final,60,1011,0,0,213,951,7806,4894,4894,22.8,1734546600,172,6.0,1.9
42,2024-12-20,14.4,41,339,213,115,908,754,29.3,1734685200,5.1,171,2.8,1734685200,16.7,1734652800,0.0,0.0,1006,final,64,1011,0,0,152,951,7804,4893,3496,22.4,1734633000,171,5.2,1.5
3,2024-12-21,15.1,41,339,213,115,908,753,30.7,1734771600,6.2,151,2.4,1734739200,17.4,1734739200,0.0,0.0,1006,final,63,1011,0,0,213,951,7802,4893,4893,23.2,1734719400,151,5.6,1.5
35,2024-12-22,17.3,41,339,213,115,908,754,27.8,1734858000,4.7,210,3.6,1734858000,18.1,1734825600,0.0,0.0,1007,final,75,1012,0,0,175,951,7801,4894,4036,22.3,1734805800,210,7.2,1.8
85,2024-12-23,16.6,41,339,213,115,908,754,27.4,1734944400,5.1,291,2.8,1734955200,20.0,1734894000,0.0,0.0,1007,final,68,1013,0,0,152,951,7800,4895,3503,23.1,1734892200,291,6.0,1.5
59,2024-12-24,12.7,41,339,213,115,908,754,26.3,1735030800,3.7,201,3.2,1735030800,18.5,1735005600,0.0,0.0,1008,final,57,1013,0,0,110,951,7800,4898,2525,21.8,1734978600,201,7.2,2.6
61,2024-12-25,15.4,41,339,213,115,908,754,28.9,1735117200,5.0,175,2.8,1735084800,18.1,1735084800,0.0,0.0,1009,final,63,1014,0,0,194,951,7800,4902,4456,23.0,1735065000,175,5.6,1.8
56,2024-12-26,19.0,41,339,213,115,908,755,29.6,1735203600,5.0,141,3.2,1735203600,20.7,1735171200,0.0,0.0,1010,final,71,1015,0,0,205,951,7801,4906,4712,24.7,1735151400,141,7.6,2.1
29,2024-12-27,18.9,41,339,214,115,909,755,29.6,1735290000,5.8,250,2.8,1735304400,20.4,1735264800,0.0,0.0,1010,final,73,1015,0,0,212,951,7803,4912,4868,24.4,1735237800,250,6.0,1.5
16,2024-12-28,17.5,41,339,214,116,909,756,28.5,1735376400,5.3,343,2.8,1735376400,20.0,1735351200,0.0,0.0,1010,final,69,1016,0,0,213,952,7805,4919,4893,23.7,1735324200,343,6.0,1.9
2,2024-12-29,18.2,41,339,214,116,909,757,30.0,1735462800,6.1,103,3.2,1735473600,19.3,1735437600,0.0,0.0,1011,final,71,1016,0,0,214,952,7808,4926,4926,24.1,1735410600,103,7.2,2.5
0,2024-12-30,18.8,41,340,215,116,909,758,31.1,1735549200,6.2,147,3.6,1735560000,20.4,1735516800,0.0,0.0,1010,final,71,1016,0,0,215,953,7811,4934,4934,24.9,1735497000,147,8.0,2.3
14,2024-12-31,18.6,41,340,215,116,910,759,31.5,1735635600,5.5,140,3.2,1735646400,19.6,1735610400,0.0,0.0,1011,final,70,1016,0,0,210,954,7815,4944,4820,24.8,1735583400,140,5.2,1.9
