clouds,datetime,dewpt,dhi,dni,ghi,max_dhi,max_dni,max_ghi,max_temp,max_temp_ts,max_uv,max_wind_dir,max_wind_spd,max_wind_spd_ts,min_temp,min_temp_ts,precip,precip_gpm,pres,revision_status,rh,slp,snow,snow_depth,solar_rad,t_dhi,t_dni,t_ghi,t_solar_rad,temp,ts,wind_dir,wind_gust_spd,wind_spd,market_name,query_lat,query_lon
0,2024-01-01,18.7,41,342,215,115,912,760,29.6,1704063600,6.2,190,2.8,1704063600,19.3,1704067200,0.0,0.0,1000,final,74,1013,0,0,215,950,7870,4941,4941,23.9,1704047400,190,4.8,1.7,Songadh,21.1758685770829,73.5640330081922
2,2024-01-02,18.7,41,342,215,115,913,761,28.1,1704186000,6.3,221,2.8,1704189600,18.5,1704160800,0.8,0.8,1000,final,78,1013,0,0,215,951,7877,4952,4952,22.8,1704133800,221,5.6,1.8,Songadh,21.1758685770829,73.5640330081922
12,2024-01-03,18.5,41,343,216,115,913,762,27.4,1704272400,6.1,231,2.8,1704272400,17.4,1704247200,0.0,0.0,999,final,82,1013,0,0,206,952,7884,4963,4727,22.0,1704220200,231,5.6,2.0,Songadh,21.1758685770829,73.5640330081922
3,2024-01-04,17.4,41,343,216,115,913,763,27.8,1704358800,5.7,152,2.8,1704358800,17.0,1704326400,0.0,0.0,999,final,77,1013,0,0,216,953,7891,4976,4973,22.0,1704306600,152,5.6,1.9,Songadh,21.1758685770829,73.5640330081922
3,2024-01-05,17.0,41,343,217,115,914,765,27.0,1704445200,5.9,125,3.2,1704423600,17.8,1704420000,0.0,0.0,1000,final,75,1013,0,0,217,954,7899,4989,4987,22.0,1704393000,125,6.0,2.4,Songadh,21.1758685770829,73.5640330081922
23,2024-01-06,16.9,42,344,218,115,914,767,27.0,1704531600,6.1,52,4.4,1704524400,17.8,1704499200,0.0,0.0,1001,final,74,1014,0,0,216,956,7907,5003,4964,21.9,1704479400,52,8.8,2.9,Songadh,21.1758685770829,73.5640330081922
40,2024-01-07,18.0,42,344,218,115,915,768,27.4,1704618000,5.7,72,5.2,1704639600,20.0,1704582000,0.0,0.0,1001,final,74,1014,0,0,217,957,7916,5018,4980,23.0,1704565800,72,10.4,3.9,Songadh,21.1758685770829,73.5640330081922
16,2024-01-08,18.5,42,345,219,116,915,770,30.0,1704704400,6.4,64,4.8,1704715200,20.0,1704672000,0.0,0.0,1001,final,73,1014,0,0,219,958,7926,5034,5033,23.9,1704652200,64,9.6,3.4,Songadh,21.1758685770829,73.5640330081922
36,2024-01-09,18.2,42,345,220,116,916,772,28.5,1704790800,5.1,51,3.2,1704747600,20.4,1704765600,0.3,0.3,1001,final,71,1014,0,0,182,960,7936,5051,4186,23.9,1704738600,51,6.0,2.5,Songadh,21.1758685770829,73.5640330081922
12,2024-01-10,19.4,42,345,220,116,916,774,28.5,1704877200,6.2,45,2.4,1704888000,20.7,1704852000,0.0,0.0,1001,final,77,1014,0,0,220,961,7946,5069,5055,24.0,1704825000,45,6.0,2.2,Songadh,21.1758685770829,73.5640330081922
5,2024-01-11,20.1,42,346,221,116,917,776,29.3,1704963600,6.5,45,2.8,1704974400,20.4,1704938400,0.0,0.0,1001,final,79,1015,0,0,221,963,7957,5087,5075,24.2,1704911400,45,6.0,2.3,Songadh,21.1758685770829,73.5640330081922
5,2024-01-12,20.1,42,346,222,116,918,778,31.9,1705050000,6.5,50,4.0,1705060800,21.1,1705024800,0.0,0.0,1001,final,74,1014,0,0,222,965,7969,5106,5105,25.3,1704997800,50,8.0,2.5,Songadh,21.1758685770829,73.5640330081922
0,2024-01-13,19.3,42,347,223,116,918,781,32.2,1705136400,6.5,208,3.2,1705136400,19.6,1705111200,0.0,0.0,1001,final,72,1014,0,0,223,966,7981,5126,5126,25.2,1705084200,208,6.4,2.0,Songadh,21.1758685770829,73.5640330081922
0,2024-01-14,14.8,42,348,224,116,919,783,29.3,1705222800,6.6,240,2.8,1705222800,18.1,1705197600,0.0,0.0,1002,final,63,1015,0,0,224,968,7993,5147,5147,23.1,1705170600,240,6.0,2.0,Songadh,21.1758685770829,73.5640330081922
0,2024-01-15,12.9,42,348,225,116,919,785,28.1,1705309200,6.6,150,2.4,1705320000,17.4,1705284000,0.0,0.0,1001,final,59,1015,0,0,225,970,8006,5169,5169,21.9,1705257000,150,4.0,1.4,Songadh,21.1758685770829,73.5640330081922
20,2024-01-16,14.2,42,349,226,117,920,788,28.5,1705395600,6.5,215,2.4,1705388400,17.4,1705363200,0.0,0.0,999,final,62,1012,0,0,222,972,8020,5191,5111,22.3,1705343400,215,4.4,1.2,Songadh,21.1758685770829,73.5640330081922
49,2024-01-17,13.7,42,349,227,117,921,791,27.4,1705482000,3.8,190,2.4,1705489200,17.8,1705456800,0.0,0.0,999,final,60,1012,0,0,169,974,8033,5214,3879,22.2,1705429800,190,5.6,1.2,Songadh,21.1758685770829,73.5640330081922
5,2024-01-18,14.4,42,350,228,117,921,793,27.4,1705568400,6.7,134,2.4,1705568400,17.4,1705536000,0.3,0.3,1000,final,65,1013,0,0,227,976,8048,5238,5221,21.7,1705516200,134,4.4,1.6,Songadh,21.1758685770829,73.5640330081922
3,2024-01-19,15.0,43,351,229,117,922,796,28.5,1705654800,6.8,82,4.0,1705665600,15.6,1705622400,0.0,0.0,1000,final,68,1013,0,0,228,978,8063,5262,5241,21.6,1705602600,82,8.8,2.7,Songadh,21.1758685770829,73.5640330081922
31,2024-01-20,14.1,43,351,230,117,923,799,28.1,1705741200,6.7,160,3.6,1705752000,16.7,1705716000,0.0,0.0,1001,final,62,1014,0,0,222,980,8078,5287,5111,22.0,1705689000,160,6.4,2.4,Songadh,21.1758685770829,73.5640330081922
61,2024-01-21,11.7,43,352,231,117,924,802,27.4,1705827600,2.4,48,4.0,1705845600,17.0,1705795200,0.0,0.0,1002,final,55,1015,0,0,75,983,8093,5313,1735,21.6,1705775400,48,8.8,2.9,Songadh,21.1758685770829,73.5640330081922
49,2024-01-22,11.6,43,353,232,117,924,805,27.8,1705914000,5.2,156,3.6,1705914000,15.9,1705881600,0.0,0.0,1002,final,55,1015,0,0,217,985,8109,5340,4987,21.4,1705861800,156,8.8,2.8,Songadh,21.1758685770829,73.5640330081922
0,2024-01-23,9.2,43,353,233,118,925,808,27.4,1706000400,6.9,83,3.6,1706000400,14.8,1705978800,0.0,0.0,1002,final,50,1016,0,0,233,987,8126,5367,5367,20.5,1705948200,83,8.0,2.5,Songadh,21.1758685770829,73.5640330081922
4,2024-01-24,10.3,43,354,235,118,926,811,27.0,1706086800,7.0,51,3.6,1706086800,14.8,1706036400,0.0,0.0,1003,final,55,1016,0,0,235,990,8143,5394,5394,20.5,1706034600,51,8.0,2.5,Songadh,21.1758685770829,73.5640330081922
5,2024-01-25,11.0,43,355,236,118,926,814,27.8,1706173200,7.0,65,4.4,1706173200,14.4,1706148000,0.0,0.0,1003,final,56,1017,0,0,235,992,8160,5422,5415,20.9,1706121000,65,9.6,3.0,Songadh,21.1758685770829,73.5640330081922
26,2024-01-26,12.2,43,356,237,118,927,817,29.6,1706259600,6.5,66,4.0,1706259600,16.3,1706209200,0.0,0.0,1004,final,55,1017,0,0,219,995,8177,5451,5031,22.0,1706207400,66,8.0,2.8,Songadh,21.1758685770829,73.5640330081922
75,2024-01-27,14.8,43,356,238,118,928,821,30.7,1706346000,4.4,63,4.4,1706342400,16.7,1706313600,0.0,0.0,1004,final,63,1017,0,0,152,997,8195,5481,3507,22.8,1706293800,63,8.4,2.6,Songadh,21.1758685770829,73.5640330081922
71,2024-01-28,15.2,43,357,240,118,929,824,31.9,1706432400,3.6,177,3.2,1706421600,15.9,1706400000,0.0,0.0,1003,final,66,1016,0,0,200,1000,8213,5511,4606,22.9,1706380200,177,6.0,1.9,Songadh,21.1758685770829,73.5640330081922
46,2024-01-29,14.4,44,358,241,119,929,827,29.3,1706518800,6.5,184,2.4,1706497200,17.8,1706482800,0.0,0.0,1003,final,61,1016,0,0,239,1003,8232,5541,5492,23.0,1706466600,184,5.2,1.6,Songadh,21.1758685770829,73.5640330081922
29,2024-01-30,15.2,44,359,242,119,930,831,29.3,1706605200,7.0,166,2.4,1706605200,17.4,1706572800,0.0,0.0,1002,final,65,1015,0,0,235,1005,8250,5572,5400,22.5,1706553000,166,4.4,1.5,Songadh,21.1758685770829,73.5640330081922
82,2024-01-31,15.1,44,360,244,119,931,834,28.9,1706691600,4.5,227,2.4,1706691600,18.1,1706659200,0.0,0.0,1001,final,62,1014,0,0,144,1008,8269,5603,3303,23.2,1706639400,227,5.6,1.3,Songadh,21.1758685770829,73.5640330081922
24,2024-02-01,16.3,44,360,245,119,932,838,28.9,1706742000,7.4,240,2.4,1706742000,16.7,1706752800,0.0,0.0,1002,final,70,1015,0,0,243,1011,8288,5635,5600,22.4,1706725800,240,5.2,1.7,Songadh,21.1758685770829,73.5640330081922
33,2024-02-02,17.4,44,361,246,119,933,842,28.9,1706864400,3.2,101,2.4,1706871600,18.9,1706839200,0.0,0.0,1003,final,72,1016,0,0,182,1014,8307,5667,4189,23.2,1706812200,101,5.2,1.3,Songadh,21.1758685770829,73.5640330081922
1,2024-02-03,16.7,44,362,248,120,933,845,31.9,1706950800,7.5,59,3.2,1706961600,17.8,1706925600,0.0,0.0,1003,final,66,1016,0,0,248,1016,8327,5700,5700,24.2,1706898600,59,7.2,2.3,Songadh,21.1758685770829,73.5640330081922
0,2024-02-04,17.0,44,363,249,120,934,849,33.3,1707037200,7.6,158,2.4,1707037200,18.9,1707012000,0.0,0.0,1003,final,63,1016,0,0,249,1019,8346,5733,5733,25.5,1706985000,158,4.8,1.8,Songadh,21.1758685770829,73.5640330081922
0,2024-02-05,17.4,44,364,251,120,935,853,31.1,1707123600,7.6,264,2.8,1707123600,19.3,1707091200,0.0,0.0,1003,final,63,1016,0,0,251,1022,8366,5766,5766,25.2,1707071400,264,6.0,2.0,Songadh,21.1758685770829,73.5640330081922
7,2024-02-06,18.7,45,365,252,120,936,856,31.1,1707210000,7.7,226,2.4,1707217200,21.5,1707184800,0.0,0.0,1003,final,66,1016,0,0,239,1025,8386,5800,5489,25.8,1707157800,226,5.6,1.3,Songadh,21.1758685770829,73.5640330081922
18,2024-02-07,17.1,45,365,254,120,936,860,30.4,1707296400,7.7,192,3.6,1707296400,20.7,1707264000,0.0,0.0,1004,final,62,1017,0,0,247,1028,8406,5834,5686,25.3,1707244200,192,6.8,2.0,Songadh,21.1758685770829,73.5640330081922
53,2024-02-08,15.1,45,366,255,120,937,864,28.5,1707382800,7.3,37,4.8,1707400800,19.3,1707357600,0.0,0.0,1004,final,61,1017,0,0,209,1031,8426,5868,4810,23.5,1707330600,37,10.0,2.8,Songadh,21.1758685770829,73.5640330081922
30,2024-02-09,15.3,45,367,257,121,938,868,30.0,1707469200,7.9,157,3.2,1707476400,17.8,1707444000,0.0,0.0,1003,final,62,1016,0,0,254,1034,8446,5903,5836,23.6,1707417000,157,6.8,2.2,Songadh,21.1758685770829,73.5640330081922
3,2024-02-10,13.5,45,368,258,121,939,871,30.0,1707555600,7.9,241,2.8,1707559200,17.8,1707530400,0.0,0.0,1003,final,57,1016,0,0,258,1037,8466,5938,5930,23.1,1707503400,241,5.6,1.9,Songadh,21.1758685770829,73.5640330081922
6,2024-02-11,14.7,45,369,260,121,939,875,30.0,1707642000,8.0,245,2.4,1707649200,18.1,1707616800,0.8,0.8,1003,final,59,1016,0,0,260,1039,8486,5973,5969,23.6,1707589800,245,4.0,1.4,Songadh,21.1758685770829,73.5640330081922
97,2024-02-12,14.8,45,370,261,121,940,879,30.4,1707728400,2.5,216,2.8,1707678000,17.8,1707696000,0.0,0.0,1003,final,59,1016,0,0,72,1042,8506,6008,1666,23.9,1707676200,216,6.0,1.8,Songadh,21.1758685770829,73.5640330081922
98,2024-02-13,14.4,45,371,263,121,941,883,29.3,1707814800,2.6,235,3.2,1707814800,18.1,1707782400,0.3,0.3,1003,final,58,1016,0,0,70,1045,8527,6044,1621,23.6,1707762600,235,6.4,1.5,Songadh,21.1758685770829,73.5640330081922
28,2024-02-14,14.2,46,372,264,122,941,887,30.0,1707901200,8.1,249,2.4,1707901200,17.4,1707868800,0.0,0.0,1003,final,58,1016,0,0,259,1048,8547,6079,5963,23.9,1707849000,249,4.8,1.9,Songadh,21.1758685770829,73.5640330081922
1,2024-02-15,16.3,46,372,266,122,942,891,31.9,1707987600,8.3,87,4.0,1707966000,17.8,1707962400,0.0,0.0,1002,final,62,1015,0,0,266,1051,8567,6115,6115,24.5,1707935400,87,9.2,2.7,Songadh,21.1758685770829,73.5640330081922
15,2024-02-16,17.6,46,373,267,122,943,895,33.0,1708074000,8.1,81,5.2,1708081200,22.2,1708041600,0.0,0.0,1001,final,58,1014,0,0,263,1054,8586,6151,6050,26.8,1708021800,81,10.8,3.6,Songadh,21.1758685770829,73.5640330081922
22,2024-02-17,17.4,46,374,269,122,943,899,34.4,1708160400,7.9,155,2.4,1708135200,21.1,1708135200,1.5,1.5,1000,final,57,1013,0,0,256,1057,8606,6187,5883,27.4,1708108200,155,6.0,1.9,Songadh,21.1758685770829,73.5640330081922
2,2024-02-18,16.5,46,375,271,122,944,902,34.1,1708254000,8.5,230,3.6,1708275600,19.6,1708214400,0.0,0.0,999,final,59,1012,0,0,271,1061,8626,6223,6223,26.3,1708194600,230,6.8,2.0,Songadh,21.1758685770829,73.5640330081922
36,2024-02-19,14.6,46,376,272,122,945,906,33.3,1708333200,7.1,221,4.4,1708333200,20.0,1708308000,0.0,0.0,999,final,53,1012,0,0,260,1065,8646,6259,5984,25.7,1708281000,221,9.2,2.3,Songadh,21.1758685770829,73.5640330081922
13,2024-02-20,15.5,46,377,274,123,945,910,31.9,1708419600,8.6,231,4.0,1708419600,18.1,1708387200,0.0,0.0,1000,final,58,1013,0,0,274,1069,8667,6296,6296,25.0,1708367400,231,9.2,2.5,Songadh,21.1758685770829,73.5640330081922
30,2024-02-21,18.2,47,378,275,123,946,914,29.3,1708506000,7.0,241,4.0,1708516800,20.4,1708473600,0.0,0.0,999,final,70,1012,0,0,268,1073,8688,6332,6168,24.5,1708453800,241,8.4,3.1,Songadh,21.1758685770829,73.5640330081922
25,2024-02-22,17.4,47,379,277,123,947,918,28.9,1708599600,8.8,248,4.0,1708581600,21.5,1708560000,0.0,0.0,1000,final,68,1013,0,0,275,1077,8711,6368,6318,24.5,1708540200,248,8.8,2.7,Songadh,21.1758685770829,73.5640330081922
21,2024-02-23,14.1,47,380,278,123,947,922,29.3,1708678800,8.8,229,2.8,1708686000,18.5,1708653600,0.0,0.0,1001,final,60,1014,0,0,276,1080,8734,6405,6337,23.6,1708626600,229,5.6,1.6,Songadh,21.1758685770829,73.5640330081922
0,2024-02-24,8.5,47,381,280,123,948,925,29.6,1708765200,8.9,285,3.2,1708754400,17.0,1708732800,0.0,0.0,1000,final,43,1014,0,0,280,1084,8757,6442,6442,23.0,1708713000,285,6.8,2.4,Songadh,21.1758685770829,73.5640330081922
1,2024-02-25,8.1,47,382,282,123,948,929,30.4,1708851600,9.0,35,4.4,1708862400,16.7,1708826400,0.3,0.3,999,final,40,1013,0,0,282,1088,8780,6478,6478,23.3,1708799400,35,9.2,2.7,Songadh,21.1758685770829,73.5640330081922
87,2024-02-26,14.1,47,383,283,124,949,933,33.0,1708938000,3.5,110,4.8,1708887600,18.9,1708905600,0.3,0.3,998,final,50,1011,0,0,137,1091,8804,6514,3141,25.8,1708885800,110,9.2,2.6,Songadh,21.1758685770829,73.5640330081922
9,2024-02-27,16.7,48,384,285,124,949,937,33.7,1709024400,8.1,201,2.8,1709031600,20.0,1708992000,0.5,0.5,999,final,58,1012,0,0,284,1095,8828,6551,6540,26.3,1708972200,201,6.0,1.8,Songadh,21.1758685770829,73.5640330081922
0,2024-02-28,16.4,48,385,286,124,950,940,34.1,1709110800,9.2,133,3.2,1709121600,21.5,1709078400,0.0,0.0,999,final,53,1012,0,0,286,1098,8851,6587,6587,27.5,1709058600,133,6.0,2.1,Songadh,21.1758685770829,73.5640330081922
16,2024-02-29,17.0,48,386,288,124,950,944,36.3,1709197200,9.1,198,2.4,1709208000,21.5,1709164800,0.0,0.0,998,final,52,1011,0,0,283,1102,8874,6623,6515,28.9,1709145000,198,6.0,1.8,Songadh,21.1758685770829,73.5640330081922
5,2024-03-01,17.3,48,387,290,124,951,948,34.8,1709247600,9.3,207,4.0,1709247600,22.2,1709251200,0.0,0.0,999,final,54,1012,0,0,290,1105,8898,6659,6659,28.3,1709231400,207,8.4,2.7,Songadh,21.1758685770829,73.5640330081922
4,2024-03-02,18.6,48,388,291,124,951,951,31.5,1709366400,9.4,224,5.6,1709388000,22.2,1709337600,0.5,0.5,999,final,64,1012,0,0,291,1108,8920,6695,6695,26.3,1709317800,224,10.8,3.5,Songadh,21.1758685770829,73.5640330081922
16,2024-03-03,14.7,48,389,293,124,952,955,27.4,1709463600,9.5,273,4.0,1709445600,18.1,1709434800,0.0,0.0,1000,final,61,1013,0,0,292,1112,8943,6731,6727,23.5,1709404200,273,8.8,3.0,Songadh,21.1758685770829,73.5640330081922
0,2024-03-04,10.6,48,390,294,125,952,958,28.5,1709542800,9.5,204,3.2,1709539200,16.7,1709499600,0.0,0.0,1001,final,51,1014,0,0,294,1115,8965,6766,6766,22.4,1709490600,204,6.4,1.8,Songadh,21.1758685770829,73.5640330081922
0,2024-03-05,9.7,49,391,296,125,953,962,31.5,1709632800,9.6,189,3.2,1709629200,15.9,1709604000,0.0,0.0,1001,final,44,1014,0,0,296,1118,8987,6801,6801,23.7,1709577000,189,6.8,2.1,Songadh,21.1758685770829,73.5640330081922
0,2024-03-06,9.7,49,392,297,125,953,965,31.9,1709715600,9.7,287,3.2,1709726400,18.1,1709679600,0.0,0.0,1000,final,42,1013,0,0,297,1121,9009,6836,6836,24.7,1709663400,287,7.2,2.1,Songadh,21.1758685770829,73.5640330081922
4,2024-03-07,11.4,49,393,299,125,953,969,32.2,1709802000,9.8,239,3.2,1709809200,20.7,1709769600,0.0,0.0,1000,final,42,1013,0,0,298,1124,9030,6871,6858,25.9,1709749800,239,6.0,1.5,Songadh,21.1758685770829,73.5640330081922
0,2024-03-08,12.4,49,393,300,125,954,972,32.2,1709888400,9.8,173,3.2,1709877600,20.0,1709856000,0.0,0.0,1000,final,46,1013,0,0,300,1127,9050,6905,6905,26.0,1709836200,173,6.8,2.2,Songadh,21.1758685770829,73.5640330081922
5,2024-03-09,11.3,49,394,302,125,954,975,33.0,1709974800,9.9,178,3.6,1709964000,19.6,1709949600,0.0,0.0,1000,final,43,1013,0,0,301,1130,9071,6939,6933,25.8,1709922600,178,6.4,2.2,Songadh,21.1758685770829,73.5640330081922
1,2024-03-10,10.9,49,395,303,125,954,979,33.3,1710061200,10.0,195,3.6,1710061200,21.5,1710025200,0.0,0.0,1001,final,39,1013,0,0,303,1133,9091,6973,6973,27.0,1710009000,195,8.0,1.6,Songadh,21.1758685770829,73.5640330081922
0,2024-03-11,13.5,49,396,305,125,955,982,34.4,1710147600,10.0,297,2.8,1710136800,20.7,1710111600,0.0,0.0,1002,final,42,1015,0,0,305,1136,9110,7006,7006,27.9,1710095400,297,5.2,1.8,Songadh,21.1758685770829,73.5640330081922
0,2024-03-12,15.5,49,397,306,126,955,985,33.7,1710237600,10.1,287,2.8,1710223200,21.1,1710198000,0.0,0.0,1001,final,49,1014,0,0,306,1138,9129,7039,7039,27.6,1710181800,287,6.4,2.0,Songadh,21.1758685770829,73.5640330081922
1,2024-03-13,15.8,50,398,307,126,955,988,33.0,1710327600,10.2,263,3.2,1710309600,20.4,1710288000,0.0,0.0,1000,final,55,1013,0,0,307,1141,9148,7072,7072,26.6,1710268200,263,7.2,2.1,Songadh,21.1758685770829,73.5640330081922
0,2024-03-14,15.7,50,399,309,126,955,991,32.6,1710406800,10.2,261,2.8,1710392400,21.5,1710374400,0.0,0.0,1001,final,54,1014,0,0,309,1144,9166,7104,7104,26.6,1710354600,261,6.0,1.8,Songadh,21.1758685770829,73.5640330081922
0,2024-03-15,15.4,50,399,310,126,956,994,32.6,1710493200,10.3,240,2.4,1710493200,18.1,1710460800,0.0,0.0,999,final,57,1012,0,0,310,1146,9184,7136,7136,25.7,1710441000,240,4.8,1.7,Songadh,21.1758685770829,73.5640330081922
0,2024-03-16,15.1,50,400,312,126,956,997,33.7,1710579600,10.4,253,2.4,1710568800,18.5,1710547200,0.0,0.0,999,final,55,1012,0,0,312,1149,9201,7168,7168,26.2,1710527400,253,4.4,1.7,Songadh,21.1758685770829,73.5640330081922
0,2024-03-17,14.8,50,401,313,126,956,1000,33.3,1710673200,10.4,229,3.2,1710658800,18.5,1710633600,0.0,0.0,999,final,54,1012,0,0,313,1151,9218,7199,7199,26.0,1710613800,229,6.8,2.1,Songadh,21.1758685770829,73.5640330081922
6,2024-03-18,17.9,50,401,314,126,956,1003,33.7,1710752400,10.5,258,2.8,1710759600,19.6,1710720000,0.0,0.0,999,final,64,1012,0,0,314,1154,9234,7230,7225,26.4,1710700200,258,6.0,2.1,Songadh,21.1758685770829,73.5640330081922
5,2024-03-19,14.7,50,402,316,126,956,1005,34.8,1710838800,10.6,221,2.8,1710828000,18.9,1710806400,0.0,0.0,999,final,52,1012,0,0,316,1156,9250,7260,7260,27.1,1710786600,221,4.8,1.7,Songadh,21.1758685770829,73.5640330081922
3,2024-03-20,13.1,50,403,317,126,957,1008,35.6,1710928800,10.6,198,2.8,1710921600,18.9,1710892800,0.0,0.0,999,final,44,1012,0,0,317,1158,9266,7290,7290,28.1,1710873000,198,5.2,1.9,Songadh,21.1758685770829,73.5640330081922
66,2024-03-21,14.5,50,404,318,126,957,1011,36.3,1711011600,3.5,189,2.8,1711011600,22.6,1710975600,0.0,0.0,997,final,44,1010,0,0,122,1161,9281,7319,2812,29.0,1710959400,189,4.0,1.4,Songadh,21.1758685770829,73.5640330081922
11,2024-03-22,14.5,51,404,319,126,957,1013,36.7,1711098000,10.7,225,3.2,1711098000,20.7,1711062000,0.5,0.5,996,final,44,1009,0,0,309,1163,9295,7348,7098,29.2,1711045800,225,6.0,1.8,Songadh,21.1758685770829,73.5640330081922
24,2024-03-23,16.2,51,405,321,127,957,1016,35.6,1711184400,10.8,219,3.2,1711184400,22.2,1711152000,0.0,0.0,996,final,50,1009,0,0,319,1165,9310,7376,7339,28.7,1711132200,219,6.4,1.7,Songadh,21.1758685770829,73.5640330081922
25,2024-03-24,17.5,51,405,322,127,957,1018,34.8,1711274400,9.3,255,2.8,1711260000,21.5,1711238400,0.0,0.0,998,final,55,1011,0,0,316,1167,9324,7404,7272,28.2,1711218600,255,6.8,2.1,Songadh,21.1758685770829,73.5640330081922
0,2024-03-25,17.9,51,406,323,127,957,1020,35.9,1711364400,10.9,237,2.8,1711350000,23.3,1711321200,0.0,0.0,998,final,54,1011,0,0,323,1169,9337,7432,7432,29.1,1711305000,237,5.6,1.7,Songadh,21.1758685770829,73.5640330081922
0,2024-03-26,18.2,51,407,324,127,957,1023,36.7,1711472400,11.0,255,2.8,1711447200,22.2,1711411200,0.0,0.0,998,final,53,1011,0,0,324,1171,9350,7459,7459,29.6,1711391400,255,5.2,1.8,Songadh,21.1758685770829,73.5640330081922
6,2024-03-27,19.9,51,407,325,127,957,1025,37.0,1711494000,11.0,257,2.8,1711494000,24.1,1711508400,0.0,0.0,999,final,56,1012,0,0,325,1173,9363,7485,7485,30.5,1711477800,257,4.8,1.7,Songadh,21.1758685770829,73.5640330081922
9,2024-03-28,21.7,51,408,327,127,957,1027,37.0,1711566000,10.3,245,2.8,1711566000,24.4,1711566000,0.0,0.0,998,final,61,1011,0,0,326,1175,9376,7511,7490,30.6,1711564200,245,6.0,2.0,Songadh,21.1758685770829,73.5640330081922
36,2024-03-29,21.0,51,408,328,127,957,1029,36.3,1711652400,5.9,264,2.4,1711652400,25.6,1711652400,0.0,0.0,997,final,59,1010,0,0,224,1177,9388,7536,5146,30.4,1711650600,264,4.4,1.7,Songadh,21.1758685770829,73.5640330081922
8,2024-03-30,18.6,51,409,329,127,957,1031,36.3,1711738800,9.6,254,3.6,1711738800,24.4,1711738800,0.0,0.0,999,final,53,1011,0,0,328,1180,9400,7561,7535,30.0,1711737000,254,7.2,2.3,Songadh,21.1758685770829,73.5640330081922
11,2024-03-31,16.9,51,409,330,127,957,1033,35.6,1711825200,10.2,271,2.8,1711825200,23.7,1711825200,0.0,0.0,1000,final,49,1012,0,0,326,1184,9414,7586,7489,29.5,1711823400,271,6.4,2.0,Songadh,21.1758685770829,73.5640330081922
41,2024-04-01,16.2,52,410,331,127,957,1035,35.6,1711911600,8.4,261,3.2,1711911600,22.2,1711911600,0.0,0.0,997,final,48,1010,0,0,207,1187,9431,7611,4757,29.1,1711909800,261,6.8,1.8,Songadh,21.1758685770829,73.5640330081922
41,2024-04-02,17.1,52,411,332,127,957,1037,35.9,1712059200,8.1,252,3.2,1712059200,22.2,1712016000,0.0,0.0,996,final,51,1008,0,0,252,1191,9451,7635,5787,29.0,1711996200,252,6.8,2.1,Songadh,21.1758685770829,73.5640330081922
44,2024-04-03,17.6,52,412,333,127,957,1038,36.3,1712098800,11.4,242,3.6,1712098800,23.0,1712102400,0.0,0.0,996,final,53,1009,0,0,314,1194,9472,7659,7215,29.2,1712082600,242,6.8,1.9,Songadh,21.1758685770829,73.5640330081922
79,2024-04-04,18.6,52,413,334,127,957,1040,35.2,1712228400,4.7,269,2.8,1712217600,22.6,1712185200,0.0,0.0,997,final,57,1010,0,0,209,1197,9494,7683,4804,29.1,1712169000,269,6.8,2.1,Songadh,21.1758685770829,73.5640330081922
18,2024-04-05,17.8,52,414,335,127,957,1042,35.9,1712314800,9.4,262,4.0,1712296800,23.0,1712275200,0.0,0.0,997,final,52,1010,0,0,332,1200,9517,7706,7646,29.7,1712255400,262,8.8,2.3,Songadh,21.1758685770829,73.5640330081922
15,2024-04-06,16.0,52,415,336,127,957,1043,35.9,1712401200,11.1,317,4.0,1712383200,23.3,1712358000,0.0,0.0,996,final,44,1009,0,0,336,1203,9540,7728,7726,30.1,1712341800,317,8.8,2.6,Songadh,21.1758685770829,73.5640330081922
2,2024-04-07,15.8,52,416,337,127,956,1045,36.3,1712480400,11.5,267,3.2,1712480400,23.7,1712448000,0.0,0.0,995,final,45,1008,0,0,337,1206,9562,7751,7751,29.9,1712428200,267,5.6,2.0,Songadh,21.1758685770829,73.5640330081922
0,2024-04-08,16.8,53,417,338,127,956,1046,37.8,1712574000,11.6,268,2.8,1712577600,22.2,1712530800,0.0,0.0,996,final,48,1008,0,0,338,1209,9585,7773,7773,29.9,1712514600,268,4.4,1.7,Songadh,21.1758685770829,73.5640330081922
0,2024-04-09,19.0,53,418,339,127,956,1048,37.0,1712653200,11.6,217,2.4,1712653200,23.3,1712617200,0.0,0.0,995,final,55,1008,0,0,339,1211,9606,7794,7794,30.1,1712601000,217,4.0,1.5,Songadh,21.1758685770829,73.5640330081922
10,2024-04-10,19.3,53,419,340,127,956,1049,37.0,1712739600,11.6,179,3.6,1712739600,24.1,1712696400,0.0,0.0,996,final,54,1008,0,0,340,1214,9628,7815,7815,30.6,1712687400,179,6.4,1.9,Songadh,21.1758685770829,73.5640330081922
37,2024-04-11,19.2,53,419,341,127,956,1050,37.8,1712826000,10.4,169,2.4,1712833200,24.4,1712790000,0.8,0.8,996,final,55,1009,0,0,320,1216,9648,7836,7358,30.2,1712773800,169,5.6,1.5,Songadh,21.1758685770829,73.5640330081922
5,2024-04-12,18.0,53,420,342,127,956,1051,35.9,1712912400,11.7,206,4.0,1712912400,23.7,1712876400,0.0,0.0,996,final,53,1009,0,0,342,1219,9669,7856,7856,29.7,1712860200,206,7.6,1.9,Songadh,21.1758685770829,73.5640330081922
12,2024-04-13,19.7,53,421,342,127,955,1052,35.6,1712998800,11.7,226,4.8,1713009600,22.6,1712962800,1.0,1.0,997,final,61,1010,0,0,339,1221,9688,7875,7801,28.7,1712946600,226,8.0,2.7,Songadh,21.1758685770829,73.5640330081922
7,2024-04-14,21.1,53,422,343,127,955,1053,36.7,1713085200,11.8,219,3.6,1713106800,24.4,1713052800,0.0,0.0,998,final,60,1010,0,0,343,1223,9707,7895,7892,30.4,1713033000,219,4.8,1.6,Songadh,21.1758685770829,73.5640330081922
12,2024-04-15,20.9,53,423,344,127,955,1054,39.6,1713171600,11.1,217,4.0,1713171600,27.8,1713139200,0.0,0.0,997,final,51,1010,0,0,340,1225,9725,7913,7815,33.3,1713119400,217,7.6,2.2,Songadh,21.1758685770829,73.5640330081922
2,2024-04-16,15.9,53,424,345,127,955,1055,39.6,1713207600,11.8,142,2.8,1713207600,28.1,1713207600,0.0,0.0,996,final,35,1009,0,0,345,1227,9743,7931,7931,33.8,1713205800,142,7.2,2.3,Songadh,21.1758685770829,73.5640330081922
6,2024-04-17,15.0,53,424,346,127,954,1056,40.7,1713294000,11.6,166,4.4,1713294000,28.9,1713294000,0.0,0.0,995,final,33,1008,0,0,345,1229,9760,7949,7945,34.5,1713292200,166,7.2,2.3,Songadh,21.1758685770829,73.5640330081922
32,2024-04-18,18.5,54,425,346,127,954,1057,39.6,1713380400,11.1,260,3.2,1713380400,27.4,1713380400,0.0,0.0,995,final,46,1008,0,0,331,1231,9776,7966,7620,33.0,1713378600,260,6.4,2.1,Songadh,21.1758685770829,73.5640330081922
36,2024-04-19,19.2,54,426,347,127,954,1058,37.8,1713481200,7.1,274,3.2,1713466800,28.5,1713484800,0.0,0.0,994,final,46,1007,0,0,317,1233,9792,7983,7281,33.0,1713465000,274,7.6,2.1,Songadh,21.1758685770829,73.5640330081922
14,2024-04-20,18.0,54,426,348,127,954,1058,37.4,1713610800,11.9,286,4.8,1713589200,26.7,1713571200,0.3,0.3,994,final,46,1007,0,0,348,1235,9807,7999,7995,31.9,1713551400,286,8.0,2.7,Songadh,21.1758685770829,73.5640330081922
47,2024-04-21,17.9,54,427,348,127,953,1059,36.7,1713690000,5.9,256,2.8,1713679200,25.6,1713657600,0.0,0.0,995,final,48,1008,0,0,257,1236,9822,8015,5911,31.2,1713637800,256,6.8,2.0,Songadh,21.1758685770829,73.5640330081922
67,2024-04-22,18.3,54,428,349,127,953,1059,35.6,1713776400,4.8,263,3.2,1713754800,26.7,1713740400,0.0,0.0,996,final,49,1008,0,0,199,1238,9836,8030,4573,30.9,1713724200,263,7.2,2.1,Songadh,21.1758685770829,73.5640330081922
0,2024-04-23,18.4,54,428,350,127,953,1060,37.8,1713870000,12.0,250,3.2,1713870000,24.4,1713826800,0.0,0.0,994,final,50,1007,0,0,350,1240,9849,8045,8045,31.0,1713810600,250,7.6,1.9,Songadh,21.1758685770829,73.5640330081922
6,2024-04-24,19.0,54,429,350,127,952,1060,38.5,1713949200,12.0,240,3.2,1713949200,24.4,1713913200,0.0,0.0,993,final,50,1006,0,0,350,1241,9862,8059,8059,31.4,1713897000,240,5.2,1.7,Songadh,21.1758685770829,73.5640330081922
22,2024-04-25,19.9,54,429,351,127,952,1061,38.1,1714035600,10.2,248,2.4,1714035600,26.7,1713999600,0.3,0.3,994,final,50,1007,0,0,346,1243,9875,8073,7967,32.3,1713983400,248,6.0,2.0,Songadh,21.1758685770829,73.5640330081922
25,2024-04-26,20.1,54,430,352,127,952,1061,37.4,1714129200,9.3,266,2.8,1714122000,27.0,1714086000,0.5,0.5,994,final,52,1007,0,0,343,1244,9887,8087,7881,31.7,1714069800,266,6.0,1.8,Songadh,21.1758685770829,73.5640330081922
54,2024-04-27,18.8,54,430,352,127,951,1062,38.5,1714208400,6.5,301,2.8,1714208400,25.6,1714172400,1.5,1.5,995,final,47,1007,0,0,253,1245,9899,8100,5817,32.4,1714156200,301,5.6,1.8,Songadh,21.1758685770829,73.5640330081922
52,2024-04-28,17.4,54,431,353,127,951,1062,39.3,1714294800,8.1,239,2.4,1714284000,27.4,1714258800,0.0,0.0,995,final,40,1007,0,0,334,1247,9910,8112,7685,33.4,1714242600,239,5.6,1.9,Songadh,21.1758685770829,73.5640330081922
10,2024-04-29,16.3,54,431,353,127,951,1062,38.9,1714388400,11.7,283,3.6,1714370400,26.7,1714345200,0.0,0.0,996,final,38,1008,0,0,352,1248,9920,8124,8087,33.3,1714329000,283,7.2,2.4,Songadh,21.1758685770829,73.5640330081922
3,2024-04-30,16.0,54,432,354,127,950,1062,38.9,1714467600,12.1,300,3.6,1714464000,26.7,1714431600,0.0,0.0,994,final,38,1007,0,0,354,1249,9931,8136,8136,33.0,1714415400,300,7.6,2.5,Songadh,21.1758685770829,73.5640330081922
0,2024-05-01,15.9,54,432,354,127,950,1063,37.8,1714503600,12.1,253,4.0,1714503600,25.9,1714503600,0.0,0.0,992,final,44,1005,0,0,354,1250,9940,8147,8147,31.6,1714501800,253,8.0,2.5,Songadh,21.1758685770829,73.5640330081922
14,2024-05-02,17.2,54,433,355,127,950,1063,37.8,1714593600,10.3,235,3.2,1714593600,25.2,1714604400,0.0,0.0,993,final,47,1005,0,0,352,1251,9950,8158,8105,31.4,1714588200,235,6.0,2.2,Songadh,21.1758685770829,73.5640330081922
9,2024-05-03,17.9,54,433,355,127,949,1063,38.1,1714734000,12.1,248,2.4,1714716000,24.1,1714690800,0.0,0.0,994,final,48,1006,0,0,355,1252,9959,8168,8167,31.4,1714674600,248,6.8,2.1,Songadh,21.1758685770829,73.5640330081922
45,2024-05-04,21.1,54,433,356,127,949,1063,38.9,1714813200,5.8,269,3.2,1714820400,25.6,1714777200,0.0,0.0,995,final,55,1008,0,0,278,1253,9968,8178,6389,32.3,1714761000,269,7.6,2.3,Songadh,21.1758685770829,73.5640330081922
39,2024-05-05,20.7,55,434,356,127,949,1063,38.9,1714899600,10.8,269,4.0,1714928400,27.0,1714863600,0.0,0.0,993,final,52,1006,0,0,327,1254,9976,8188,7529,33.2,1714847400,269,8.8,2.4,Songadh,21.1758685770829,73.5640330081922
6,2024-05-06,20.7,55,434,356,127,948,1063,37.0,1714982400,11.2,247,4.0,1715014800,27.8,1714950000,0.0,0.0,994,final,52,1006,0,0,356,1255,9984,8197,8189,32.7,1714933800,247,9.2,3.1,Songadh,21.1758685770829,73.5640330081922
3,2024-05-07,22.8,55,434,357,127,948,1063,37.8,1715068800,11.7,229,5.2,1715061600,27.0,1715036400,0.0,0.0,994,final,61,1007,0,0,357,1256,9991,8205,8202,32.0,1715020200,229,10.0,3.6,Songadh,21.1758685770829,73.5640330081922
4,2024-05-08,23.2,55,435,357,127,947,1063,37.8,1715148000,12.1,231,4.4,1715166000,26.3,1715122800,0.0,0.0,994,final,64,1007,0,0,357,1257,9999,8214,8213,31.7,1715106600,231,8.8,3.6,Songadh,21.1758685770829,73.5640330081922
7,2024-05-09,23.6,55,435,357,127,947,1063,37.0,1715241600,12.0,232,4.4,1715248800,26.7,1715209200,0.0,0.0,994,final,66,1006,0,0,357,1258,10006,8222,8219,31.4,1715193000,232,9.2,3.8,Songadh,21.1758685770829,73.5640330081922
9,2024-05-10,22.9,55,435,358,127,947,1062,36.3,1715328000,12.1,236,4.8,1715342400,27.0,1715295600,0.0,0.0,995,final,64,1008,0,0,357,1259,10012,8229,8205,31.0,1715279400,236,9.6,3.7,Songadh,21.1758685770829,73.5640330081922
16,2024-05-11,23.9,55,436,358,127,946,1062,37.8,1715418000,11.3,251,3.6,1715418000,25.6,1715382000,0.0,0.0,996,final,68,1009,0,0,357,1259,10019,8237,8207,31.5,1715365800,251,6.4,2.3,Songadh,21.1758685770829,73.5640330081922
28,2024-05-12,23.6,55,436,358,127,946,1062,36.7,1715504400,11.2,227,3.2,1715511600,27.0,1715468400,0.0,0.0,996,final,66,1009,0,0,343,1260,10025,8244,7892,31.3,1715452200,227,7.2,2.4,Songadh,21.1758685770829,73.5640330081922
14,2024-05-13,22.9,55,436,359,126,946,1062,38.1,1715590800,11.3,181,3.2,1715619600,27.0,1715619600,5.8,5.8,996,final,63,1008,0,0,350,1261,10030,8250,8051,31.7,1715538600,181,7.2,1.8,Songadh,21.1758685770829,73.5640330081922
11,2024-05-14,21.6,55,436,359,126,945,1062,36.7,1715677200,11.4,93,3.2,1715626800,25.2,1715634000,2.3,2.3,996,final,60,1008,0,0,358,1262,10036,8256,8223,30.9,1715625000,93,10.0,1.8,Songadh,21.1758685770829,73.5640330081922
13,2024-05-15,21.2,55,437,359,126,945,1061,40.4,1715763600,11.3,119,2.8,1715770800,27.4,1715727600,1.5,1.5,996,final,53,1008,0,0,353,1262,10041,8262,8122,33.5,1715711400,119,4.4,1.6,Songadh,21.1758685770829,73.5640330081922
27,2024-05-16,20.9,55,437,359,126,945,1061,39.6,1715850000,11.8,189,4.0,1715850000,28.5,1715814000,1.0,1.0,995,final,48,1008,0,0,351,1263,10046,8268,8081,34.1,1715797800,189,7.6,1.6,Songadh,21.1758685770829,73.5640330081922
8,2024-05-17,22.6,55,437,360,126,944,1061,38.5,1715936400,12.1,230,3.6,1715936400,29.3,1715965200,0.0,0.0,994,final,54,1006,0,0,360,1263,10051,8273,8271,33.9,1715884200,230,8.0,2.6,Songadh,21.1758685770829,73.5640330081922
7,2024-05-18,23.5,55,437,360,126,944,1061,40.7,1716022800,12.0,259,3.2,1716022800,29.3,1715986800,0.0,0.0,992,final,56,1004,0,0,360,1264,10055,8278,8269,34.4,1715970600,259,6.4,2.1,Songadh,21.1758685770829,73.5640330081922
8,2024-05-19,21.8,55,437,360,126,943,1060,41.1,1716109200,12.0,255,3.6,1716098400,29.6,1716073200,0.0,0.0,990,final,51,1002,0,0,360,1264,10059,8283,8281,35.0,1716057000,255,7.6,2.6,Songadh,21.1758685770829,73.5640330081922
7,2024-05-20,21.5,55,438,360,126,943,1060,41.1,1716195600,11.0,262,4.8,1716174000,29.3,1716159600,0.0,0.0,990,final,50,1002,0,0,360,1265,10063,8287,8283,34.9,1716143400,262,9.2,3.0,Songadh,21.1758685770829,73.5640330081922
17,2024-05-21,21.9,55,438,361,126,943,1060,41.5,1716289200,11.7,282,3.6,1716285600,29.3,1716242400,0.0,0.0,990,final,50,1002,0,0,350,1265,10067,8292,8053,35.1,1716229800,282,8.0,2.3,Songadh,21.1758685770829,73.5640330081922
39,2024-05-22,23.6,55,438,361,126,942,1059,40.4,1716375600,8.0,254,3.2,1716364800,29.3,1716332400,1.5,1.5,989,final,55,1002,0,0,338,1266,10070,8296,7772,34.7,1716316200,254,6.8,2.3,Songadh,21.1758685770829,73.5640330081922
10,2024-05-23,22.7,55,438,361,126,942,1059,40.4,1716451200,11.4,247,4.0,1716444000,29.6,1716418800,0.0,0.0,988,final,52,1001,0,0,361,1266,10074,8299,8296,35.0,1716402600,247,8.4,2.8,Songadh,21.1758685770829,73.5640330081922
7,2024-05-24,22.7,55,438,361,126,942,1059,40.0,1716530400,12.2,248,5.2,1716570000,29.3,1716505200,0.0,0.0,988,final,54,1000,0,0,361,1266,10077,8303,8303,34.3,1716489000,248,10.4,3.7,Songadh,21.1758685770829,73.5640330081922
17,2024-05-25,24.5,55,438,361,126,941,1058,38.5,1716624000,12.1,236,5.6,1716656400,29.3,1716591600,0.5,0.5,989,final,63,1001,0,0,361,1267,10079,8306,8300,33.0,1716575400,236,10.8,4.5,Songadh,21.1758685770829,73.5640330081922
92,2024-05-26,25.6,55,438,361,126,941,1058,36.7,1716710400,4.2,233,6.0,1716667200,29.3,1716678000,0.0,0.0,990,final,69,1003,0,0,159,1267,10082,8309,3658,32.4,1716661800,233,12.8,5.1,Songadh,21.1758685770829,73.5640330081922
65,2024-05-27,25.7,55,438,361,126,941,1058,35.6,1716789600,8.7,231,7.2,1716822000,29.6,1716764400,0.3,0.3,989,final,71,1002,0,0,284,1267,10084,8311,6531,31.9,1716748200,231,13.6,5.9,Songadh,21.1758685770829,73.5640330081922
46,2024-05-28,25.2,55,439,361,126,940,1057,36.3,1716883200,10.9,235,6.8,1716886800,28.9,1716850800,0.0,0.0,990,final,69,1002,0,0,338,1267,10087,8314,7774,31.9,1716834600,235,15.2,6.4,Songadh,21.1758685770829,73.5640330081922
47,2024-05-29,24.8,55,439,362,126,940,1057,35.6,1716973200,10.8,235,8.0,1716984000,28.9,1716937200,0.0,0.0,990,final,68,1002,0,0,273,1268,10089,8316,6285,31.7,1716921000,235,16.0,6.5,Songadh,21.1758685770829,73.5640330081922
36,2024-05-30,24.6,55,439,362,126,940,1056,36.3,1717056000,10.6,237,6.4,1717077600,28.9,1717023600,0.0,0.0,991,final,66,1004,0,0,354,1268,10090,8318,8134,32.1,1717007400,237,13.2,5.1,Songadh,21.1758685770829,73.5640330081922
21,2024-05-31,24.6,55,439,362,126,939,1056,36.7,1717142400,12.0,235,6.0,1717131600,28.9,1717110000,0.0,0.0,993,final,66,1005,0,0,357,1268,10092,8320,8212,32.4,1717093800,235,12.8,4.6,Songadh,21.1758685770829,73.5640330081922
12,2024-06-01,25.1,55,439,362,126,939,1056,36.3,1717189200,10.3,240,5.2,1717189200,28.5,1717200000,0.0,0.0,993,final,68,1005,0,0,361,1268,10094,8322,8295,32.3,1717180200,240,11.2,3.9,Songadh,21.1758685770829,73.5640330081922
40,2024-06-02,24.2,55,439,362,126,939,1055,37.0,1717318800,10.1,249,4.0,1717308000,28.1,1717282800,0.0,0.0,993,final,65,1006,0,0,352,1268,10095,8323,8085,32.3,1717266600,249,8.4,3.1,Songadh,21.1758685770829,73.5640330081922
70,2024-06-03,24.4,55,439,362,126,939,1055,36.7,1717405200,6.3,237,5.2,1717405200,28.5,1717369200,1.3,1.3,993,final,66,1006,0,0,294,1268,10096,8324,6751,32.1,1717353000,237,10.4,3.5,Songadh,21.1758685770829,73.5640330081922
28,2024-06-04,24.1,55,439,362,126,938,1055,37.0,1717488000,9.8,240,6.0,1717477200,28.1,1717455600,0.0,0.0,993,final,64,1006,0,0,352,1268,10097,8326,8093,32.3,1717439400,240,11.6,3.5,Songadh,21.1758685770829,73.5640330081922
23,2024-06-05,25.2,55,439,362,125,938,1054,37.0,1717578000,10.6,239,5.2,1717599600,28.1,1717542000,0.0,0.0,994,final,68,1006,0,0,356,1269,10098,8327,8194,32.4,1717525800,239,10.0,3.5,Songadh,21.1758685770829,73.5640330081922
27,2024-06-06,24.1,55,439,362,125,938,1054,37.8,1717664400,10.8,245,4.4,1717653600,28.5,1717628400,0.0,0.0,994,final,62,1007,0,0,360,1269,10098,8327,8277,33.0,1717612200,245,9.2,3.4,Songadh,21.1758685770829,73.5640330081922
45,2024-06-07,24.6,55,439,362,125,938,1054,38.5,1717750800,11.9,249,5.2,1717754400,29.3,1717714800,0.0,0.0,993,final,63,1005,0,0,360,1269,10099,8328,8275,33.0,1717698600,249,9.6,3.3,Songadh,21.1758685770829,73.5640330081922
45,2024-06-08,24.5,55,439,362,125,937,1053,37.8,1717837200,7.7,249,4.4,1717804800,27.4,1717804800,2.5,2.5,991,final,67,1004,0,0,302,1269,10099,8329,6945,32.0,1717785000,249,8.8,2.5,Songadh,21.1758685770829,73.5640330081922
67,2024-06-09,24.6,55,439,362,125,937,1053,38.1,1717923600,4.8,235,5.6,1717934400,27.8,1717952400,10.3,10.3,991,final,66,1003,0,0,197,1269,10099,8329,4529,32.4,1717871400,235,10.0,3.9,Songadh,21.1758685770829,73.5640330081922
98,2024-06-10,25.0,55,439,362,125,937,1053,34.8,1718010000,3.8,228,4.8,1718028000,27.0,1717966800,12.0,12.0,992,final,76,1005,0,0,114,1269,10099,8329,2620,30.0,1717957800,228,10.4,3.7,Songadh,21.1758685770829,73.5640330081922
57,2024-06-11,24.8,55,439,362,125,937,1052,35.9,1718092800,10.6,234,5.6,1718107200,28.1,1718060400,0.8,0.8,992,final,69,1005,0,0,330,1269,10099,8329,7598,31.6,1718044200,234,10.4,4.2,Songadh,21.1758685770829,73.5640330081922
34,2024-06-12,24.5,55,439,362,125,936,1052,36.7,1718182800,10.6,231,5.6,1718132400,28.5,1718150400,0.0,0.0,993,final,67,1006,0,0,349,1269,10098,8329,8034,31.9,1718130600,231,11.2,4.6,Songadh,21.1758685770829,73.5640330081922
45,2024-06-13,25.5,55,439,362,125,936,1052,34.4,1718265600,10.7,233,4.8,1718280000,27.8,1718233200,0.8,0.8,993,final,73,1006,0,0,344,1269,10098,8329,7903,31.0,1718217000,233,11.2,4.2,Songadh,21.1758685770829,73.5640330081922
58,2024-06-14,24.8,55,439,362,125,936,1052,34.8,1718355600,8.7,227,4.8,1718373600,27.8,1718330400,6.5,6.5,992,final,71,1005,0,0,327,1268,10097,8329,7512,31.0,1718303400,227,10.0,4.2,Songadh,21.1758685770829,73.5640330081922
48,2024-06-15,24.8,55,439,362,125,936,1051,34.8,1718442000,9.8,228,4.4,1718391600,28.1,1718416800,5.3,5.3,992,final,70,1004,0,0,316,1268,10097,8328,7275,31.2,1718389800,228,9.2,3.7,Songadh,21.1758685770829,73.5640330081922
55,2024-06-16,25.1,55,439,362,125,936,1051,35.2,1718528400,9.1,231,4.4,1718478000,27.8,1718492400,0.3,0.3,992,final,70,1005,0,0,335,1268,10096,8328,7714,31.4,1718476200,231,8.8,3.7,Songadh,21.1758685770829,73.5640330081922
65,2024-06-17,25.2,55,439,362,125,936,1051,36.3,1718611200,9.4,228,5.2,1718622000,28.9,1718578800,0.3,0.3,992,final,69,1005,0,0,345,1268,10095,8327,7943,31.8,1718562600,228,9.6,4.0,Songadh,21.1758685770829,73.5640330081922
74,2024-06-18,25.4,55,439,362,125,935,1051,34.4,1718704800,7.0,220,6.8,1718701200,27.8,1718686800,0.8,0.8,992,final,74,1005,0,0,251,1268,10093,8327,5775,30.6,1718649000,220,12.0,4.4,Songadh,21.1758685770829,73.5640330081922
84,2024-06-19,25.1,55,439,362,125,935,1051,33.3,1718794800,8.1,218,6.8,1718776800,27.4,1718816400,0.5,0.5,990,final,76,1002,0,0,233,1268,10092,8326,5351,30.0,1718735400,218,13.6,5.4,Songadh,21.1758685770829,73.5640330081922
88,2024-06-20,25.9,55,439,362,125,935,1051,33.0,1718874000,4.2,206,6.0,1718874000,27.4,1718848800,0.0,0.0,989,final,82,1001,0,0,108,1268,10090,8325,2493,29.3,1718821800,206,12.0,4.5,Songadh,21.1758685770829,73.5640330081922
73,2024-06-21,26.2,55,439,362,125,935,1050,33.7,1718960400,8.6,224,6.0,1718971200,28.5,1718989200,0.0,0.0,989,final,78,1002,0,0,314,1267,10089,8324,7230,30.6,1718908200,224,12.4,4.9,Songadh,21.1758685770829,73.5640330081922
62,2024-06-22,25.5,55,439,362,125,935,1050,34.4,1719046800,10.8,231,4.8,1719054000,27.4,1718996400,6.3,6.3,988,final,76,1001,0,0,331,1267,10087,8322,7603,30.6,1718994600,231,10.0,3.8,Songadh,21.1758685770829,73.5640330081922
95,2024-06-23,26.5,55,438,362,125,935,1050,30.4,1719122400,3.7,217,3.6,1719082800,26.7,1719100800,11.3,11.3,988,final,89,1001,0,0,61,1267,10085,8321,1413,28.6,1719081000,217,8.0,3.2,Songadh,21.1758685770829,73.5640330081922
94,2024-06-24,25.8,55,438,362,125,935,1050,33.0,1719219600,4.2,214,3.2,1719230400,25.9,1719187200,42.3,42.3,987,final,85,999,0,0,128,1267,10083,8320,2951,28.7,1719167400,214,6.8,2.6,Songadh,21.1758685770829,73.5640330081922
88,2024-06-25,25.8,55,438,362,125,935,1050,34.4,1719306000,7.6,187,3.2,1719313200,27.0,1719270000,3.3,3.3,985,final,77,998,0,0,196,1267,10081,8318,4519,30.4,1719253800,187,7.6,1.4,Songadh,21.1758685770829,73.5640330081922
69,2024-06-26,26.5,55,438,362,125,935,1050,34.8,1719381600,4.9,206,3.6,1719381600,28.1,1719360000,13.8,13.8,984,final,78,997,0,0,271,1266,10078,8316,6235,31.0,1719340200,206,7.6,2.1,Songadh,21.1758685770829,73.5640330081922
96,2024-06-27,25.3,55,438,362,125,934,1050,33.0,1719482400,5.1,184,5.2,1719486000,28.5,1719442800,5.5,5.5,986,final,75,999,0,0,133,1266,10076,8315,3059,30.3,1719426600,184,11.2,3.7,Songadh,21.1758685770829,73.5640330081922
100,2024-06-28,25.4,55,438,361,125,934,1050,30.0,1719514800,3.7,197,6.8,1719514800,26.7,1719576000,7.3,7.3,988,final,85,1001,0,0,69,1266,10073,8313,1579,28.2,1719513000,197,12.0,4.4,Songadh,21.1758685770829,73.5640330081922
100,2024-06-29,25.6,55,438,361,125,934,1050,30.0,1719648000,3.7,211,6.4,1719651600,27.0,1719662400,3.0,3.0,989,final,85,1001,0,0,70,1265,10071,8311,1618,28.3,1719599400,211,13.2,4.9,Songadh,21.1758685770829,73.5640330081922
100,2024-06-30,25.9,55,438,361,125,934,1050,28.5,1719694800,3.7,209,4.8,1719763200,26.3,1719716400,36.3,36.3,989,final,93,1002,0,0,40,1265,10068,8309,914,27.3,1719685800,209,11.6,4.1,Songadh,21.1758685770829,73.5640330081922
100,2024-07-01,25.6,55,438,361,125,934,1050,28.9,1719788400,3.8,212,8.0,1719788400,26.3,1719824400,25.3,25.3,987,final,92,1000,0,0,59,1265,10065,8306,1346,27.1,1719772200,212,14.8,6.4,Songadh,21.1758685770829,73.5640330081922
97,2024-07-02,25.5,55,437,361,125,934,1050,31.1,1719939600,3.8,225,8.4,1719864000,25.2,1719885600,42.8,42.8,987,final,89,999,0,0,95,1264,10062,8304,2186,27.5,1719858600,225,16.8,6.9,Songadh,21.1758685770829,73.5640330081922
90,2024-07-03,26.4,55,437,361,125,934,1050,31.9,1719997200,7.0,225,6.8,1719997200,27.0,1719957600,0.0,0.0,988,final,87,1001,0,0,221,1264,10058,8302,5093,28.8,1719945000,225,14.8,6.1,Songadh,21.1758685770829,73.5640330081922
98,2024-07-04,26.2,55,437,361,125,934,1050,30.7,1720083600,4.6,222,6.0,1720090800,27.0,1720112400,13.8,13.8,990,final,88,1002,0,0,95,1264,10055,8299,2187,28.6,1720031400,222,12.0,5.1,Songadh,21.1758685770829,73.5640330081922
99,2024-07-05,25.6,55,437,361,125,934,1050,28.9,1720119600,3.7,220,5.2,1720198800,26.7,1720148400,41.0,41.0,988,final,90,1001,0,0,67,1263,10051,8296,1548,27.5,1720117800,220,12.8,4.7,Songadh,21.1758685770829,73.5640330081922
100,2024-07-06,25.7,55,437,361,125,934,1050,30.7,1720256400,3.7,222,7.2,1720245600,26.7,1720213200,12.8,12.8,987,final,86,999,0,0,67,1263,10048,8293,1530,28.2,1720204200,222,13.6,5.2,Songadh,21.1758685770829,73.5640330081922
97,2024-07-07,25.9,55,437,360,125,934,1050,31.9,1720342800,3.7,228,6.4,1720342800,27.0,1720299600,0.0,0.0,988,final,83,1001,0,0,99,1262,10044,8290,2278,29.2,1720290600,228,13.2,5.0,Songadh,21.1758685770829,73.5640330081922
99,2024-07-08,26.1,55,437,360,125,934,1050,30.4,1720429200,3.7,218,3.6,1720429200,27.0,1720396800,9.5,9.5,989,final,86,1001,0,0,71,1262,10040,8287,1639,28.6,1720377000,218,7.2,2.6,Songadh,21.1758685770829,73.5640330081922
93,2024-07-09,25.5,55,436,360,125,934,1050,30.7,1720515600,3.7,222,4.4,1720537200,26.7,1720483200,9.0,9.0,990,final,84,1002,0,0,105,1261,10036,8284,2411,28.6,1720463400,222,8.0,3.4,Songadh,21.1758685770829,73.5640330081922
85,2024-07-10,25.2,55,436,360,125,935,1050,30.7,1720591200,7.3,216,5.2,1720587600,25.9,1720569600,4.3,4.3,992,final,84,1005,0,0,236,1261,10031,8280,5439,28.3,1720549800,216,10.4,4.4,Songadh,21.1758685770829,73.5640330081922
99,2024-07-11,25.7,55,436,360,125,935,1050,30.4,1720652400,4.2,217,5.6,1720684800,26.7,1720674000,1.3,1.3,992,final,88,1004,0,0,73,1260,10027,8277,1676,28.0,1720636200,217,10.0,4.5,Songadh,21.1758685770829,73.5640330081922
99,2024-07-12,25.8,55,436,360,125,935,1050,29.3,1720760400,4.1,225,6.0,1720774800,26.3,1720742400,28.3,28.3,989,final,92,1002,0,0,76,1260,10022,8273,1747,27.2,1720722600,225,10.8,5.1,Songadh,21.1758685770829,73.5640330081922
99,2024-07-13,25.7,55,436,360,125,935,1050,28.9,1720890000,3.8,234,5.2,1720882800,25.9,1720828800,26.5,26.5,989,final,92,1001,0,0,71,1259,10018,8269,1628,27.1,1720809000,234,11.2,3.9,Songadh,21.1758685770829,73.5640330081922
89,2024-07-14,26.2,55,435,359,125,935,1050,31.5,1720947600,6.5,222,4.0,1720897200,25.9,1720911600,6.0,6.0,987,final,87,1000,0,0,192,1259,10013,8265,4413,28.5,1720895400,222,9.2,2.9,Songadh,21.1758685770829,73.5640330081922
98,2024-07-15,26.4,55,435,359,125,935,1050,30.4,1721034000,3.7,238,3.6,1721023200,26.7,1721062800,36.0,36.0,987,final,90,1000,0,0,63,1258,10008,8261,1439,28.2,1720981800,238,6.8,2.6,Songadh,21.1758685770829,73.5640330081922
98,2024-07-16,26.1,55,435,359,125,935,1051,29.6,1721116800,3.7,217,4.0,1721131200,26.3,1721077200,26.0,26.0,987,final,91,999,0,0,59,1258,10003,8256,1354,27.7,1721068200,217,6.4,2.8,Songadh,21.1758685770829,73.5640330081922
97,2024-07-17,25.5,55,435,359,125,935,1051,30.7,1721203200,5.5,209,5.6,1721203200,25.9,1721181600,5.3,5.3,988,final,86,1001,0,0,127,1257,9997,8251,2922,28.2,1721154600,209,10.4,4.1,Songadh,21.1758685770829,73.5640330081922
94,2024-07-18,25.9,55,434,359,125,935,1051,30.4,1721268000,3.9,211,6.4,1721242800,26.3,1721322000,1.3,1.3,988,final,90,1001,0,0,103,1256,9992,8247,2373,27.8,1721241000,211,12.4,4.5,Songadh,21.1758685770829,73.5640330081922
95,2024-07-19,25.8,55,434,358,125,935,1051,28.9,1721376000,5.2,204,7.2,1721383200,26.7,1721329200,1.3,1.3,986,final,90,999,0,0,149,1256,9986,8241,3420,27.6,1721327400,204,14.4,5.0,Songadh,21.1758685770829,73.5640330081922
100,2024-07-20,25.9,55,434,358,125,936,1051,29.6,1721437200,3.7,206,6.0,1721437200,26.3,1721476800,3.8,3.8,987,final,91,1000,0,0,62,1255,9980,8236,1421,27.5,1721413800,206,11.2,4.7,Songadh,21.1758685770829,73.5640330081922
100,2024-07-21,26.1,55,434,358,125,936,1051,29.6,1721541600,3.8,215,6.0,1721563200,26.3,1721581200,16.0,16.0,987,final,92,1000,0,0,56,1254,9974,8231,1293,27.5,1721500200,215,10.8,4.7,Songadh,21.1758685770829,73.5640330081922
100,2024-07-22,25.5,55,433,358,125,936,1051,27.0,1721628000,3.7,214,7.6,1721588400,25.6,1721588400,23.0,23.0,989,final,95,1001,0,0,36,1254,9968,8225,822,26.4,1721586600,214,14.4,5.2,Songadh,21.1758685770829,73.5640330081922
100,2024-07-23,25.7,54,433,357,125,936,1051,27.0,1721703600,3.7,233,6.4,1721725200,25.9,1721721600,44.5,44.5,989,final,96,1002,0,0,36,1253,9962,8219,822,26.4,1721673000,233,13.6,5.6,Songadh,21.1758685770829,73.5640330081922
100,2024-07-24,25.6,54,433,357,125,936,1051,28.5,1721800800,3.7,239,6.8,1721775600,25.6,1721768400,101.5,101.5,987,final,96,1000,0,0,45,1252,9956,8213,1031,26.4,1721759400,239,12.8,5.2,Songadh,21.1758685770829,73.5640330081922
100,2024-07-25,25.2,54,433,357,125,936,1051,29.3,1721887200,3.7,245,6.8,1721862000,25.6,1721919600,7.3,7.3,986,final,93,999,0,0,63,1251,9949,8206,1456,26.5,1721845800,245,14.8,5.3,Songadh,21.1758685770829,73.5640330081922
98,2024-07-26,25.8,54,432,356,125,936,1051,29.3,1721984400,5.3,241,6.4,1721941200,26.3,1721937600,34.3,34.3,987,final,91,1000,0,0,98,1251,9942,8199,2260,27.3,1721932200,241,13.6,5.8,Songadh,21.1758685770829,73.5640330081922
98,2024-07-27,25.6,54,432,356,125,937,1051,28.5,1722060000,3.7,241,6.0,1722027600,26.3,1722092400,19.8,19.8,989,final,92,1001,0,0,48,1250,9935,8192,1107,27.0,1722018600,241,11.2,4.7,Songadh,21.1758685770829,73.5640330081922
100,2024-07-28,25.7,54,432,356,125,937,1052,29.3,1722146400,3.7,239,5.2,1722146400,26.3,1722117600,37.5,37.5,987,final,91,999,0,0,63,1249,9928,8185,1446,27.3,1722105000,239,9.6,4.3,Songadh,21.1758685770829,73.5640330081922
100,2024-07-29,25.3,54,431,356,125,937,1052,27.0,1722193200,3.7,226,6.0,1722243600,25.6,1722243600,53.0,53.0,985,final,95,998,0,0,37,1248,9921,8178,845,26.2,1722191400,226,11.6,4.6,Songadh,21.1758685770829,73.5640330081922
92,2024-07-30,25.8,54,431,355,125,937,1052,29.6,1722330000,5.0,220,5.6,1722330000,25.9,1722279600,0.8,0.8,989,final,92,1001,0,0,162,1247,9913,8170,3724,27.2,1722277800,220,10.8,4.3,Songadh,21.1758685770829,73.5640330081922
92,2024-07-31,25.6,54,431,355,125,937,1052,30.0,1722416400,8.1,231,6.0,1722405600,25.9,1722380400,0.0,0.0,991,final,89,1004,0,0,140,1246,9905,8161,3215,27.7,1722364200,231,13.2,4.7,Songadh,21.1758685770829,73.5640330081922
100,2024-08-01,25.2,54,430,354,125,937,1052,28.9,1722466800,3.8,233,6.8,1722466800,25.6,1722470400,15.8,15.8,990,final,91,1003,0,0,59,1245,9897,8153,1363,26.8,1722450600,233,13.2,5.1,Songadh,21.1758685770829,73.5640330081922
99,2024-08-02,25.1,54,430,354,125,938,1051,29.3,1722585600,3.9,233,6.8,1722596400,25.9,1722556800,4.0,4.0,990,final,92,1002,0,0,76,1244,9889,8144,1743,26.6,1722537000,233,14.0,5.9,Songadh,21.1758685770829,73.5640330081922
100,2024-08-03,25.5,54,430,354,125,938,1051,27.4,1722672000,3.7,231,7.6,1722675600,25.2,1722632400,54.0,54.0,990,final,96,1003,0,0,35,1243,9880,8135,815,26.2,1722623400,231,14.8,5.6,Songadh,21.1758685770829,73.5640330081922
100,2024-08-04,25.3,54,429,353,125,938,1051,26.7,1722751200,3.7,236,5.6,1722747600,25.6,1722711600,29.5,29.5,990,final,96,1003,0,0,35,1242,9872,8126,813,26.0,1722709800,236,10.8,4.8,Songadh,21.1758685770829,73.5640330081922
97,2024-08-05,25.2,54,429,353,125,938,1051,28.9,1722848400,4.0,225,6.4,1722805200,25.6,1722877200,3.3,3.3,992,final,90,1005,0,0,86,1241,9863,8116,1987,26.9,1722796200,225,12.8,5.3,Songadh,21.1758685770829,73.5640330081922
91,2024-08-06,24.9,54,428,352,125,938,1051,28.9,1722931200,7.1,232,6.4,1722934800,25.6,1722895200,0.0,0.0,992,final,90,1005,0,0,210,1240,9854,8106,4825,26.8,1722882600,232,14.0,5.0,Songadh,21.1758685770829,73.5640330081922
92,2024-08-07,24.7,54,428,352,125,939,1051,30.0,1723021200,4.5,242,6.0,1723021200,25.2,1722985200,0.0,0.0,993,final,87,1005,0,0,123,1239,9844,8096,2835,27.3,1722969000,242,11.6,4.7,Songadh,21.1758685770829,73.5640330081922
96,2024-08-08,24.8,54,428,352,125,939,1051,28.9,1723107600,3.8,234,4.8,1723064400,25.2,1723082400,3.0,3.0,994,final,89,1006,0,0,69,1238,9835,8085,1579,26.8,1723055400,234,10.8,4.2,Songadh,21.1758685770829,73.5640330081922
99,2024-08-09,25.0,54,427,351,125,939,1050,29.3,1723194000,4.0,226,4.4,1723204800,25.9,1723158000,3.8,3.8,995,final,89,1007,0,0,73,1237,9825,8074,1669,26.9,1723141800,226,10.0,3.6,Songadh,21.1758685770829,73.5640330081922
99,2024-08-10,25.1,54,427,351,126,939,1050,29.3,1723269600,4.0,234,4.8,1723280400,25.6,1723255200,9.5,9.5,994,final,90,1007,0,0,72,1235,9814,8062,1661,26.8,1723228200,234,10.0,3.8,Songadh,21.1758685770829,73.5640330081922
91,2024-08-11,24.8,54,426,350,126,939,1050,30.0,1723356000,4.5,235,6.0,1723345200,25.2,1723327200,6.0,6.0,993,final,88,1005,0,0,148,1234,9804,8050,3400,27.0,1723314600,235,12.4,4.4,Songadh,21.1758685770829,73.5640330081922
94,2024-08-12,24.8,54,426,349,126,940,1050,28.5,1723402800,3.8,227,5.2,1723402800,25.2,1723402800,7.5,7.5,993,final,90,1006,0,0,63,1233,9793,8038,1454,26.6,1723401000,227,10.8,3.8,Songadh,21.1758685770829,73.5640330081922
79,2024-08-13,25.0,54,425,349,126,940,1049,31.1,1723492800,5.3,227,4.4,1723492800,25.2,1723507200,0.0,0.0,993,final,85,1006,0,0,173,1231,9782,8025,3972,27.8,1723487400,227,9.2,3.8,Songadh,21.1758685770829,73.5640330081922
92,2024-08-14,25.3,53,425,348,126,940,1049,31.1,1723626000,7.3,227,4.0,1723622400,25.9,1723593600,2.0,2.0,994,final,84,1006,0,0,177,1230,9771,8012,4061,28.4,1723573800,227,8.4,3.1,Songadh,21.1758685770829,73.5640330081922
92,2024-08-15,24.9,53,424,348,126,940,1048,31.9,1723712400,6.1,229,4.4,1723723200,25.9,1723680000,0.0,0.0,993,final,81,1006,0,0,166,1229,9759,7999,3807,28.5,1723660200,229,8.4,3.1,Songadh,21.1758685770829,73.5640330081922
96,2024-08-16,25.3,53,424,347,126,940,1048,31.9,1723795200,4.3,229,4.4,1723795200,25.9,1723762800,0.0,0.0,992,final,84,1005,0,0,132,1227,9747,7985,3042,28.4,1723746600,229,10.0,3.5,Songadh,21.1758685770829,73.5640330081922
99,2024-08-17,25.3,53,423,347,126,941,1047,32.2,1723892400,3.8,230,3.6,1723888800,25.9,1723860000,0.3,0.3,993,final,83,1006,0,0,85,1226,9735,7971,1950,28.6,1723833000,230,7.2,2.5,Songadh,21.1758685770829,73.5640330081922
96,2024-08-18,25.3,53,423,346,126,941,1047,32.6,1723971600,3.7,241,2.0,1723971600,26.3,1723932000,2.5,2.5,994,final,80,1007,0,0,108,1224,9722,7956,2488,29.2,1723919400,241,5.2,1.7,Songadh,21.1758685770829,73.5640330081922
96,2024-08-19,25.4,53,422,345,126,941,1046,33.3,1724065200,3.8,254,2.4,1724058000,26.7,1724018400,4.3,4.3,993,final,79,1006,0,0,102,1223,9709,7941,2338,29.7,1724005800,254,5.2,1.4,Songadh,21.1758685770829,73.5640330081922
94,2024-08-20,25.9,53,422,345,126,941,1046,32.2,1724133600,6.5,235,2.8,1724130000,26.3,1724173200,24.0,24.0,993,final,87,1005,0,0,180,1221,9695,7925,4142,28.3,1724092200,235,7.2,1.8,Songadh,21.1758685770829,73.5640330081922
98,2024-08-21,25.5,53,421,344,126,941,1045,31.5,1724216400,4.6,261,1.6,1724220000,25.2,1724230800,10.5,10.5,993,final,87,1006,0,0,109,1219,9681,7909,2504,28.0,1724178600,261,5.6,1.2,Songadh,21.1758685770829,73.5640330081922
96,2024-08-22,26.3,53,420,343,126,941,1044,33.0,1724320800,3.7,201,2.8,1724320800,27.0,1724281200,59.0,59.0,992,final,85,1005,0,0,105,1218,9667,7893,2426,29.3,1724265000,201,4.8,1.3,Songadh,21.1758685770829,73.5640330081922
100,2024-08-23,25.9,53,420,342,126,942,1044,29.6,1724392800,3.6,216,4.0,1724389200,25.2,1724432400,56.3,56.3,993,final,93,1006,0,0,50,1216,9652,7876,1144,27.2,1724351400,216,6.4,1.8,Songadh,21.1758685770829,73.5640330081922
100,2024-08-24,25.0,53,419,342,126,942,1043,26.7,1724454000,3.8,239,4.8,1724461200,25.2,1724468400,57.8,57.8,992,final,96,1005,0,0,46,1214,9637,7859,1047,25.7,1724437800,239,8.8,3.2,Songadh,21.1758685770829,73.5640330081922
100,2024-08-25,24.6,53,418,341,126,942,1042,26.3,1724565600,3.6,246,6.8,1724598000,24.8,1724544000,92.5,92.5,990,final,95,1003,0,0,34,1212,9622,7841,784,25.5,1724524200,246,17.2,5.6,Songadh,21.1758685770829,73.5640330081922
100,2024-08-26,24.6,53,418,340,126,942,1041,27.0,1724684400,3.6,233,6.8,1724652000,24.8,1724652000,27.0,27.0,988,final,94,1000,0,0,34,1210,9605,7823,782,25.7,1724610600,233,15.6,6.2,Songadh,21.1758685770829,73.5640330081922
100,2024-08-27,24.6,53,417,339,126,942,1040,27.8,1724749200,3.6,207,7.6,1724749200,24.4,1724713200,2.0,2.0,989,final,92,1002,0,0,52,1208,9589,7804,1185,26.1,1724697000,207,15.6,6.3,Songadh,21.1758685770829,73.5640330081922
96,2024-08-28,24.9,52,416,338,126,942,1039,28.5,1724835600,3.7,207,6.4,1724788800,24.8,1724803200,3.3,3.3,990,final,91,1003,0,0,69,1206,9572,7785,1593,26.4,1724783400,207,14.8,5.5,Songadh,21.1758685770829,73.5640330081922
90,2024-08-29,25.0,52,415,338,126,942,1038,29.6,1724918400,5.2,210,6.4,1724911200,25.6,1724886000,3.5,3.5,991,final,89,1003,0,0,156,1204,9554,7766,3593,27.0,1724869800,210,15.6,5.4,Songadh,21.1758685770829,73.5640330081922
57,2024-08-30,24.7,52,415,337,126,943,1037,31.5,1725004800,7.6,211,5.6,1725004800,26.3,1724972400,0.8,0.8,993,final,80,1005,0,0,300,1202,9536,7746,6896,28.6,1724956200,211,11.6,3.9,Songadh,21.1758685770829,73.5640330081922
80,2024-08-31,24.9,52,414,336,126,943,1036,31.5,1725094800,6.1,229,3.2,1725116400,25.2,1725058800,0.0,0.0,994,final,83,1007,0,0,189,1200,9517,7726,4341,28.1,1725042600,229,6.8,2.5,Songadh,21.1758685770829,73.5640330081922
98,2024-09-01,24.8,52,413,335,125,943,1034,31.9,1725145200,4.4,245,4.0,1725145200,25.6,1725148800,5.5,5.5,994,final,82,1006,0,0,115,1197,9498,7705,2643,28.4,1725129000,245,8.0,3.0,Songadh,21.1758685770829,73.5640330081922
100,2024-09-02,25.0,52,412,334,125,943,1033,27.0,1725217200,3.6,263,4.0,1725224400,24.4,1725289200,75.8,75.8,992,final,93,1005,0,0,34,1195,9478,7684,771,26.3,1725215400,263,8.8,3.2,Songadh,21.1758685770829,73.5640330081922
100,2024-09-03,24.9,52,411,333,125,943,1032,27.8,1725364800,3.5,241,3.6,1725364800,24.4,1725321600,19.5,19.5,992,final,93,1005,0,0,39,1193,9457,7662,899,26.1,1725301800,241,8.0,2.9,Songadh,21.1758685770829,73.5640330081922
99,2024-09-04,24.9,52,410,332,125,943,1030,30.0,1725440400,3.5,230,5.2,1725429600,25.2,1725404400,26.3,26.3,993,final,88,1006,0,0,68,1190,9436,7640,1573,27.1,1725388200,230,11.6,3.8,Songadh,21.1758685770829,73.5640330081922
99,2024-09-05,25.4,52,409,331,125,943,1029,30.4,1725523200,3.6,234,5.2,1725523200,25.2,1725555600,33.5,33.5,992,final,92,1004,0,0,73,1188,9414,7617,1676,26.9,1725474600,234,10.8,4.0,Songadh,21.1758685770829,73.5640330081922
95,2024-09-06,25.1,52,408,330,125,943,1027,28.5,1725609600,4.2,239,4.8,1725602400,25.2,1725562800,11.5,11.5,993,final,92,1006,0,0,130,1185,9392,7594,2987,26.5,1725561000,239,9.6,3.6,Songadh,21.1758685770829,73.5640330081922
61,2024-09-07,24.9,51,407,329,125,943,1026,30.4,1725699600,7.9,238,4.4,1725717600,25.2,1725656400,10.0,10.0,994,final,87,1007,0,0,302,1182,9369,7571,6954,27.4,1725647400,238,9.6,3.4,Songadh,21.1758685770829,73.5640330081922
61,2024-09-08,25.1,51,406,328,125,943,1024,31.1,1725786000,8.1,237,4.0,1725775200,25.6,1725750000,0.0,0.0,994,final,86,1007,0,0,291,1179,9346,7547,6701,27.8,1725733800,237,8.8,3.4,Songadh,21.1758685770829,73.5640330081922
96,2024-09-09,25.3,51,405,327,125,943,1022,31.1,1725872400,4.2,240,4.0,1725861600,25.6,1725840000,9.0,9.0,992,final,86,1004,0,0,105,1176,9321,7523,2407,27.9,1725820200,240,8.4,3.1,Songadh,21.1758685770829,73.5640330081922
97,2024-09-10,25.3,51,404,326,125,943,1021,30.0,1725958800,3.5,231,3.6,1725969600,25.6,1725933600,32.3,32.3,991,final,89,1003,0,0,65,1173,9297,7499,1486,27.3,1725906600,231,8.4,3.4,Songadh,21.1758685770829,73.5640330081922
99,2024-09-11,25.0,51,403,325,125,943,1019,29.6,1726045200,3.4,233,4.0,1726063200,25.2,1726009200,12.5,12.5,991,final,89,1004,0,0,64,1170,9272,7474,1483,26.9,1725993000,233,8.8,3.6,Songadh,21.1758685770829,73.5640330081922
95,2024-09-12,24.1,51,402,324,125,943,1017,30.0,1726138800,3.6,228,5.2,1726138800,25.2,1726099200,6.8,6.8,993,final,84,1006,0,0,98,1167,9246,7448,2260,27.2,1726079400,228,10.8,4.2,Songadh,21.1758685770829,73.5640330081922
55,2024-09-13,24.2,51,401,323,125,943,1015,31.1,1726246800,8.5,228,5.2,1726246800,25.6,1726185600,0.0,0.0,994,final,82,1007,0,0,287,1164,9221,7423,6595,27.6,1726165800,228,12.8,4.1,Songadh,21.1758685770829,73.5640330081922
56,2024-09-14,23.5,50,400,322,125,943,1013,30.0,1726257600,6.9,222,4.8,1726257600,24.4,1726290000,4.8,4.8,994,final,82,1006,0,0,244,1161,9196,7397,5612,26.9,1726252200,222,12.0,3.8,Songadh,21.1758685770829,73.5640330081922
64,2024-09-15,24.1,50,399,320,125,943,1011,29.6,1726390800,7.4,233,4.0,1726412400,23.7,1726340400,0.0,0.0,994,final,86,1007,0,0,277,1157,9171,7371,6363,26.7,1726338600,233,10.0,3.3,Songadh,21.1758685770829,73.5640330081922
32,2024-09-16,23.4,50,398,319,125,943,1009,32.2,1726477200,9.0,249,4.0,1726473600,24.4,1726444800,0.0,0.0,995,final,79,1008,0,0,307,1153,9147,7344,7061,27.8,1726425000,249,7.6,2.6,Songadh,21.1758685770829,73.5640330081922
31,2024-09-17,23.5,50,397,318,125,943,1007,32.2,1726563600,8.2,250,3.6,1726556400,24.8,1726531200,0.0,0.0,996,final,78,1008,0,0,313,1150,9126,7318,7190,27.9,1726511400,250,6.8,2.4,Songadh,21.1758685770829,73.5640330081922
74,2024-09-18,23.8,50,396,317,125,943,1004,31.1,1726650000,4.3,237,3.6,1726657200,25.2,1726614000,0.0,0.0,994,final,81,1006,0,0,152,1146,9107,7291,3502,27.5,1726597800,237,7.6,2.7,Songadh,21.1758685770829,73.5640330081922
38,2024-09-19,24.6,50,395,316,125,943,1002,32.6,1726736400,7.0,228,4.0,1726732800,25.6,1726700400,0.0,0.0,994,final,80,1007,0,0,291,1142,9092,7264,6690,28.5,1726684200,228,8.0,2.9,Songadh,21.1758685770829,73.5640330081922
42,2024-09-20,24.4,49,395,315,125,943,1000,32.2,1726822800,7.8,232,3.6,1726830000,25.9,1726786800,0.0,0.0,995,final,79,1007,0,0,256,1138,9079,7237,5892,28.6,1726770600,232,8.4,2.9,Songadh,21.1758685770829,73.5640330081922
42,2024-09-21,24.7,49,394,313,125,943,997,32.2,1726909200,6.3,243,3.6,1726858800,25.6,1726873200,0.0,0.0,995,final,80,1008,0,0,287,1136,9066,7209,6612,28.7,1726857000,243,7.2,2.8,Songadh,21.1758685770829,73.5640330081922
64,2024-09-22,25.4,49,394,312,124,943,995,32.2,1726995600,8.3,248,2.8,1726995600,25.6,1726970400,0.0,0.0,995,final,84,1008,0,0,250,1134,9053,7181,5742,28.4,1726943400,248,6.0,2.1,Songadh,21.1758685770829,73.5640330081922
99,2024-09-23,26.0,49,393,311,124,943,992,32.2,1727082000,3.2,257,2.8,1727078400,26.3,1727046000,3.5,3.5,994,final,84,1007,0,0,70,1132,9039,7153,1615,29.1,1727029800,257,5.6,1.8,Songadh,21.1758685770829,73.5640330081922
98,2024-09-24,26.1,49,392,310,124,943,990,31.9,1727168400,3.4,235,3.2,1727168400,25.9,1727136000,19.3,19.3,992,final,89,1005,0,0,91,1130,9025,7124,2100,28.1,1727116200,235,6.4,1.7,Songadh,21.1758685770829,73.5640330081922
98,2024-09-25,25.5,49,392,308,124,942,987,30.7,1727251200,3.8,240,2.0,1727251200,24.1,1727283600,39.3,39.3,991,final,92,1004,0,0,90,1128,9011,7095,2061,27.0,1727202600,240,5.6,1.6,Songadh,21.1758685770829,73.5640330081922
100,2024-09-26,25.2,49,391,307,124,942,984,27.8,1727348400,3.2,259,2.0,1727290800,24.1,1727290800,62.8,62.8,990,final,96,1003,0,0,31,1125,8996,7065,707,25.8,1727289000,259,6.4,1.1,Songadh,21.1758685770829,73.5640330081922
100,2024-09-27,24.9,49,390,306,124,942,981,28.9,1727427600,3.2,147,2.0,1727427600,24.8,1727391600,80.5,80.5,991,final,92,1003,0,0,47,1123,8981,7036,1083,26.3,1727375400,147,6.0,1.1,Songadh,21.1758685770829,73.5640330081922
100,2024-09-28,25.0,49,390,305,124,942,979,27.0,1727514000,3.1,220,3.6,1727514000,24.1,1727542800,17.8,17.8,993,final,97,1006,0,0,31,1120,8966,7005,714,25.6,1727461800,220,8.0,2.7,Songadh,21.1758685770829,73.5640330081922
88,2024-09-29,24.8,49,389,303,124,942,976,29.6,1727600400,3.1,219,3.6,1727600400,24.8,1727557200,1.5,1.5,997,final,92,1010,0,0,50,1118,8951,6975,1154,26.1,1727548200,219,7.2,2.2,Songadh,21.1758685770829,73.5640330081922
51,2024-09-30,25.2,48,388,302,124,941,973,31.5,1727694000,7.1,276,2.0,1727654400,24.8,1727654400,0.0,0.0,997,final,87,1010,0,0,213,1115,8935,6944,4896,27.7,1727634600,276,5.6,1.4,Songadh,21.1758685770829,73.5640330081922
34,2024-10-01,26.3,48,388,301,124,941,970,33.0,1727737200,7.1,234,2.0,1727722800,25.2,1727740800,0.0,0.0,995,final,85,1008,0,0,282,1113,8919,6913,6487,29.1,1727721000,234,5.6,1.3,Songadh,21.1758685770829,73.5640330081922
54,2024-10-02,26.5,48,387,299,124,941,967,34.1,1727856000,7.6,238,2.8,1727859600,26.7,1727823600,2.0,2.0,996,final,85,1009,0,0,262,1110,8903,6881,6016,29.4,1727807400,238,5.6,1.7,Songadh,21.1758685770829,73.5640330081922
37,2024-10-03,26.3,48,386,298,123,941,964,32.6,1727946000,7.1,231,3.6,1727953200,27.0,1727913600,0.0,0.0,996,final,85,1009,0,0,278,1108,8886,6849,6403,29.2,1727893800,231,7.6,2.6,Songadh,21.1758685770829,73.5640330081922
59,2024-10-04,25.5,48,386,296,123,940,961,32.2,1728032400,4.3,227,3.6,1728032400,26.3,1728000000,0.0,0.0,996,final,83,1009,0,0,164,1105,8870,6817,3772,28.7,1727980200,227,7.2,2.5,Songadh,21.1758685770829,73.5640330081922
31,2024-10-05,24.5,48,385,295,123,940,958,32.6,1728118800,8.2,230,2.0,1728126000,25.6,1728082800,0.0,0.0,997,final,79,1009,0,0,284,1102,8853,6784,6540,28.8,1728066600,230,4.4,1.5,Songadh,21.1758685770829,73.5640330081922
16,2024-10-06,24.5,48,384,294,123,940,954,33.3,1728205200,8.0,81,2.8,1728212400,26.3,1728169200,0.0,0.0,997,final,76,1010,0,0,291,1099,8837,6752,6683,29.3,1728153000,81,6.8,1.6,Songadh,21.1758685770829,73.5640330081922
16,2024-10-07,23.7,48,383,292,123,940,951,35.2,1728291600,9.4,65,3.6,1728270000,25.9,1728255600,0.0,0.0,998,final,69,1011,0,0,292,1096,8820,6719,6713,30.5,1728239400,65,8.0,2.4,Songadh,21.1758685770829,73.5640330081922
10,2024-10-08,23.2,48,383,291,123,939,948,34.8,1728378000,9.2,78,2.8,1728367200,26.7,1728342000,0.8,0.8,998,final,67,1011,0,0,290,1093,8803,6686,6680,30.5,1728325800,78,6.8,2.2,Songadh,21.1758685770829,73.5640330081922
61,2024-10-09,24.2,47,382,289,123,939,944,33.7,1728464400,4.2,114,2.8,1728486000,26.7,1728493200,15.5,15.5,997,final,73,1009,0,0,163,1090,8787,6652,3755,29.6,1728412200,114,6.4,1.8,Songadh,21.1758685770829,73.5640330081922
87,2024-10-10,24.4,47,381,288,123,939,941,31.9,1728550800,3.0,57,3.6,1728568800,25.9,1728579600,40.0,40.0,995,final,79,1008,0,0,98,1087,8770,6619,2261,28.4,1728498600,57,8.8,2.1,Songadh,21.1758685770829,73.5640330081922
98,2024-10-11,25.0,47,381,286,123,938,938,30.7,1728637200,2.9,55,3.2,1728615600,25.2,1728586800,9.5,9.5,995,final,83,1008,0,0,68,1084,8754,6585,1571,28.2,1728585000,55,9.2,2.2,Songadh,21.1758685770829,73.5640330081922
88,2024-10-12,24.5,47,380,285,122,938,934,32.6,1728720000,3.0,81,4.4,1728730800,25.6,1728673200,3.3,3.3,996,final,79,1008,0,0,93,1081,8738,6551,2142,28.7,1728671400,81,8.4,2.6,Songadh,21.1758685770829,73.5640330081922
60,2024-10-13,25.1,47,379,283,122,937,931,33.3,1728806400,8.0,117,2.0,1728838800,26.3,1728766800,44.5,44.5,996,final,81,1009,0,0,267,1078,8723,6517,6130,28.8,1728757800,117,6.8,1.3,Songadh,21.1758685770829,73.5640330081922
68,2024-10-14,25.0,47,379,282,122,937,927,33.3,1728896400,8.0,116,2.4,1728892800,25.6,1728860400,7.8,7.8,997,final,81,1010,0,0,262,1075,8707,6483,6025,28.9,1728844200,116,5.6,1.7,Songadh,21.1758685770829,73.5640330081922
95,2024-10-15,25.2,47,378,280,122,937,924,34.1,1728982800,3.1,117,2.4,1728939600,25.9,1728946800,1.0,1.0,997,final,79,1010,0,0,102,1072,8691,6449,2354,29.5,1728930600,117,6.4,1.3,Songadh,21.1758685770829,73.5640330081922
41,2024-10-16,25.3,46,377,279,122,936,920,34.1,1729076400,6.2,130,1.6,1729076400,26.3,1729033200,3.5,3.5,996,final,77,1009,0,0,272,1069,8675,6415,6259,30.0,1729017000,130,5.2,1.2,Songadh,21.1758685770829,73.5640330081922
68,2024-10-17,26.0,46,376,277,122,936,917,34.1,1729155600,4.7,61,2.4,1729123200,27.0,1729119600,2.3,2.3,996,final,78,1008,0,0,173,1066,8659,6380,3979,30.4,1729103400,61,6.4,1.6,Songadh,21.1758685770829,73.5640330081922
84,2024-10-18,25.6,46,376,276,122,935,913,35.6,1729238400,3.2,104,3.2,1729238400,26.7,1729270800,24.8,24.8,995,final,77,1008,0,0,130,1064,8642,6346,2988,30.4,1729189800,104,8.0,2.1,Songadh,21.1758685770829,73.5640330081922
89,2024-10-19,24.8,46,375,274,121,935,909,33.7,1729324800,5.9,148,2.4,1729339200,25.9,1729288800,8.5,8.5,997,final,80,1010,0,0,174,1061,8625,6312,4004,28.7,1729276200,148,5.2,1.3,Songadh,21.1758685770829,73.5640330081922
77,2024-10-20,24.4,46,374,273,121,934,906,31.5,1729414800,5.0,88,2.0,1729425600,24.8,1729371600,0.0,0.0,998,final,81,1011,0,0,195,1059,8608,6277,4482,28.1,1729362600,88,6.0,1.3,Songadh,21.1758685770829,73.5640330081922
55,2024-10-21,24.6,46,374,271,121,934,902,32.6,1729501200,5.5,86,2.0,1729479600,26.3,1729479600,1.0,1.0,998,final,81,1011,0,0,211,1056,8591,6243,4842,28.4,1729449000,86,4.8,1.3,Songadh,21.1758685770829,73.5640330081922
32,2024-10-22,24.4,46,373,270,121,933,899,33.0,1729587600,6.9,76,2.4,1729598400,25.6,1729562400,0.0,0.0,998,final,78,1011,0,0,262,1053,8574,6208,6036,28.9,1729535400,76,4.4,1.5,Songadh,21.1758685770829,73.5640330081922
10,2024-10-23,24.3,46,372,268,121,933,895,33.7,1729674000,7.7,56,2.4,1729663200,25.9,1729638000,0.0,0.0,998,final,75,1011,0,0,268,1051,8557,6174,6158,29.4,1729621800,56,5.6,1.7,Songadh,21.1758685770829,73.5640330081922
19,2024-10-24,23.2,46,371,267,121,932,891,34.1,1729760400,6.6,70,2.0,1729760400,24.8,1729728000,0.0,0.0,998,final,72,1011,0,0,253,1048,8539,6139,5823,29.4,1729708200,70,5.6,1.4,Songadh,21.1758685770829,73.5640330081922
33,2024-10-25,21.8,45,370,265,121,932,888,34.1,1729846800,3.9,59,2.0,1729839600,25.2,1729814400,0.0,0.0,998,final,67,1011,0,0,209,1045,8521,6105,4801,29.2,1729794600,59,4.8,1.4,Songadh,21.1758685770829,73.5640330081922
5,2024-10-26,21.4,45,370,264,120,931,884,34.8,1729933200,8.3,144,2.4,1729940400,25.2,1729900800,0.0,0.0,998,final,67,1011,0,0,264,1043,8503,6070,6068,29.0,1729881000,144,3.6,1.2,Songadh,21.1758685770829,73.5640330081922
14,2024-10-27,22.2,45,369,262,120,931,880,34.4,1730019600,7.8,226,2.4,1730008800,25.9,1729983600,0.0,0.0,996,final,66,1009,0,0,262,1040,8486,6036,6019,29.5,1729967400,226,5.6,1.4,Songadh,21.1758685770829,73.5640330081922
2,2024-10-28,22.7,45,368,261,120,930,877,34.8,1730106000,8.1,236,2.0,1730116800,23.0,1730073600,0.0,0.0,995,final,73,1008,0,0,261,1037,8468,6002,6002,28.6,1730053800,236,4.4,1.5,Songadh,21.1758685770829,73.5640330081922
25,2024-10-29,23.5,45,367,259,120,930,873,34.4,1730192400,6.2,245,2.0,1730192400,24.1,1730160000,0.0,0.0,996,final,74,1009,0,0,246,1035,8449,5968,5652,29.0,1730140200,245,4.4,1.6,Songadh,21.1758685770829,73.5640330081922
3,2024-10-30,23.4,45,367,258,120,929,869,34.8,1730278800,7.8,112,2.4,1730271600,25.6,1730242800,0.0,0.0,997,final,73,1010,0,0,258,1032,8431,5934,5934,29.3,1730226600,112,5.6,1.4,Songadh,21.1758685770829,73.5640330081922
0,2024-10-31,20.7,45,366,257,120,929,866,34.8,1730365200,7.9,73,3.6,1730361600,23.7,1730340000,0.0,0.0,999,final,65,1011,0,0,257,1029,8413,5901,5901,28.7,1730313000,73,8.0,2.5,Songadh,21.1758685770829,73.5640330081922
0,2024-11-01,20.1,45,365,255,119,928,862,34.8,1730415600,7.9,65,2.8,1730415600,22.2,1730419200,0.0,0.0,1000,final,66,1013,0,0,255,1027,8395,5867,5867,28.0,1730399400,65,6.0,2.1,Songadh,21.1758685770829,73.5640330081922
0,2024-11-02,20.0,45,364,254,119,928,858,34.8,1730538000,7.8,67,2.4,1730530800,21.5,1730505600,0.0,0.0,1000,final,67,1013,0,0,254,1024,8377,5834,5834,27.8,1730485800,67,5.2,1.9,Songadh,21.1758685770829,73.5640330081922
3,2024-11-03,20.6,44,363,252,119,927,855,34.1,1730624400,7.7,69,2.8,1730631600,22.2,1730588400,0.0,0.0,1000,final,68,1013,0,0,249,1021,8359,5801,5735,27.8,1730572200,69,6.0,2.2,Songadh,21.1758685770829,73.5640330081922
0,2024-11-04,20.1,44,363,251,119,926,851,34.1,1730710800,7.7,65,2.4,1730714400,21.9,1730674800,0.0,0.0,999,final,66,1012,0,0,251,1019,8340,5769,5769,27.7,1730658600,65,5.6,1.8,Songadh,21.1758685770829,73.5640330081922
0,2024-11-05,19.7,44,362,249,119,926,848,34.1,1730797200,7.6,79,2.8,1730800800,21.9,1730764800,0.0,0.0,999,final,65,1012,0,0,249,1016,8322,5736,5736,27.7,1730745000,79,6.0,2.2,Songadh,21.1758685770829,73.5640330081922
0,2024-11-06,19.2,44,361,248,119,925,844,34.4,1730883600,7.6,74,2.8,1730880000,21.5,1730847600,0.0,0.0,1000,final,65,1013,0,0,248,1013,8304,5704,5704,27.3,1730831400,74,6.0,2.1,Songadh,21.1758685770829,73.5640330081922
0,2024-11-07,19.0,44,360,247,119,925,841,33.7,1730970000,7.5,81,2.8,1730973600,21.1,1730937600,0.0,0.0,1000,final,65,1013,0,0,247,1011,8286,5672,5672,26.9,1730917800,81,6.4,2.2,Songadh,21.1758685770829,73.5640330081922
0,2024-11-08,19.3,44,360,245,118,924,837,33.7,1731056400,7.5,83,2.4,1731063600,21.1,1731024000,0.0,0.0,1000,final,66,1013,0,0,245,1008,8269,5641,5641,27.1,1731004200,83,6.0,2.0,Songadh,21.1758685770829,73.5640330081922
4,2024-11-09,18.2,44,359,244,118,924,834,33.7,1731142800,7.4,86,2.4,1731142800,20.7,1731110400,0.0,0.0,1000,final,62,1013,0,0,244,1006,8251,5610,5607,27.1,1731090600,86,5.6,1.9,Songadh,21.1758685770829,73.5640330081922
0,2024-11-10,17.9,44,358,243,118,923,830,33.3,1731229200,7.3,85,3.2,1731225600,20.4,1731196800,0.0,0.0,1000,final,64,1013,0,0,243,1003,8234,5579,5579,26.3,1731177000,85,6.8,2.1,Songadh,21.1758685770829,73.5640330081922
0,2024-11-11,17.4,43,357,241,118,922,827,33.0,1731315600,7.3,85,3.6,1731315600,20.0,1731279600,0.0,0.0,1000,final,64,1013,0,0,241,1000,8216,5549,5549,26.0,1731263400,85,7.6,2.3,Songadh,21.1758685770829,73.5640330081922
0,2024-11-12,17.4,43,356,240,118,922,824,32.6,1731402000,7.2,81,4.0,1731402000,19.6,1731358800,0.0,0.0,1000,final,64,1013,0,0,240,998,8199,5519,5519,25.8,1731349800,81,8.4,2.5,Songadh,21.1758685770829,73.5640330081922
0,2024-11-13,16.0,43,356,239,118,921,821,32.2,1731488400,7.2,80,4.4,1731495600,20.4,1731445200,0.0,0.0,998,final,57,1011,0,0,239,996,8182,5490,5490,26.1,1731436200,80,9.6,3.3,Songadh,21.1758685770829,73.5640330081922
0,2024-11-14,16.3,43,355,237,117,921,817,32.6,1731574800,7.1,80,4.0,1731553200,21.5,1731538800,0.0,0.0,999,final,55,1012,0,0,237,993,8165,5461,5461,26.6,1731522600,80,8.8,3.2,Songadh,21.1758685770829,73.5640330081922
35,2024-11-15,17.8,43,354,236,117,920,814,33.3,1731661200,4.8,75,2.8,1731661200,21.5,1731628800,0.0,0.0,1000,final,60,1013,0,0,226,991,8149,5433,5207,26.8,1731609000,75,6.4,2.1,Songadh,21.1758685770829,73.5640330081922
12,2024-11-16,19.2,43,354,235,117,920,811,32.2,1731747600,6.9,63,2.8,1731744000,21.5,1731715200,0.0,0.0,999,final,66,1012,0,0,235,988,8133,5405,5405,26.6,1731695400,63,6.8,2.1,Songadh,21.1758685770829,73.5640330081922
6,2024-11-17,17.5,43,353,234,117,919,808,32.2,1731834000,6.9,74,4.0,1731830400,23.0,1731798000,0.0,0.0,999,final,58,1012,0,0,234,986,8117,5378,5377,27.0,1731781800,74,9.2,3.1,Songadh,21.1758685770829,73.5640330081922
0,2024-11-18,15.4,43,352,233,117,918,805,31.1,1731870000,6.9,74,3.6,1731870000,20.7,1731870000,0.0,0.0,1000,final,56,1013,0,0,233,984,8102,5351,5351,25.6,1731868200,74,8.8,3.0,Songadh,21.1758685770829,73.5640330081922
0,2024-11-19,15.5,43,352,232,117,918,802,30.7,1731956400,6.9,74,3.6,1731956400,19.6,1731956400,0.0,0.0,1001,final,58,1014,0,0,232,982,8086,5325,5325,25.0,1731954600,74,7.6,2.6,Songadh,21.1758685770829,73.5640330081922
0,2024-11-20,15.5,43,351,230,117,917,799,30.0,1732042800,6.9,70,3.2,1732042800,19.6,1732042800,0.0,0.0,1000,final,59,1013,0,0,230,979,8072,5300,5300,24.6,1732041000,70,8.4,2.6,Songadh,21.1758685770829,73.5640330081922
0,2024-11-21,15.8,42,350,229,116,917,797,30.0,1732129200,6.8,59,2.8,1732129200,19.3,1732129200,0.0,0.0,1000,final,61,1013,0,0,229,977,8057,5275,5275,24.3,1732127400,59,7.6,2.2,Songadh,21.1758685770829,73.5640330081922
0,2024-11-22,16.3,42,350,228,116,916,794,30.0,1732230000,6.8,62,3.6,1732230000,18.9,1732233600,0.0,0.0,999,final,63,1013,0,0,228,975,8043,5250,5250,24.3,1732213800,62,8.0,2.5,Songadh,21.1758685770829,73.5640330081922
0,2024-11-23,16.0,42,349,227,116,916,791,30.4,1732352400,6.7,61,2.8,1732309200,19.3,1732316400,0.0,0.0,1000,final,62,1013,0,0,227,973,8029,5227,5227,24.1,1732300200,61,6.8,2.0,Songadh,21.1758685770829,73.5640330081922
11,2024-11-24,16.7,42,349,226,116,915,789,30.0,1732438800,6.6,68,2.8,1732438800,18.9,1732406400,0.0,0.0,1000,final,64,1013,0,0,226,971,8016,5204,5199,24.4,1732386600,68,6.8,2.3,Songadh,21.1758685770829,73.5640330081922
10,2024-11-25,15.1,42,348,225,116,915,786,29.6,1732525200,6.7,73,4.0,1732525200,20.0,1732482000,0.0,0.0,1001,final,59,1014,0,0,225,970,8003,5181,5181,24.3,1732473000,73,8.4,3.2,Songadh,21.1758685770829,73.5640330081922
1,2024-11-26,13.3,42,347,224,116,915,784,30.0,1732611600,6.5,73,4.0,1732604400,18.5,1732575600,0.0,0.0,1001,final,55,1014,0,0,224,968,7990,5160,5160,23.8,1732559400,73,9.2,3.1,Songadh,21.1758685770829,73.5640330081922
0,2024-11-27,12.9,42,347,223,116,914,781,30.0,1732698000,6.6,73,4.0,1732690800,17.8,1732665600,0.0,0.0,1000,final,55,1013,0,0,223,966,7978,5139,5139,23.5,1732645800,73,9.2,3.1,Songadh,21.1758685770829,73.5640330081922
0,2024-11-28,12.9,42,346,223,116,914,779,29.3,1732784400,6.5,72,5.2,1732784400,17.0,1732752000,0.0,0.0,1000,final,55,1013,0,0,223,964,7967,5119,5119,23.2,1732732200,72,10.8,3.2,Songadh,21.1758685770829,73.5640330081922
0,2024-11-29,11.7,42,346,222,116,913,777,27.8,1732870800,6.5,68,4.8,1732867200,17.8,1732824000,0.5,0.5,1000,final,52,1014,0,0,222,963,7956,5099,5099,22.7,1732818600,68,10.8,3.4,Songadh,21.1758685770829,73.5640330081922
5,2024-11-30,12.0,42,345,221,115,913,775,27.8,1732957200,6.5,63,4.4,1732953600,17.0,1732917600,0.0,0.0,999,final,54,1012,0,0,221,961,7945,5080,5080,22.1,1732905000,63,9.2,3.3,Songadh,21.1758685770829,73.5640330081922
59,2024-12-01,14.1,42,345,220,115,913,773,28.9,1732993200,5.3,63,3.6,1732993200,17.4,1732993200,0.0,0.0,997,final,59,1010,0,0,138,960,7935,5063,3179,22.9,1732991400,63,8.8,3.0,Songadh,21.1758685770829,73.5640330081922
55,2024-12-02,16.6,42,345,219,115,912,771,30.0,1733083200,6.0,73,4.4,1733079600,20.0,1733086800,0.0,0.0,996,final,62,1009,0,0,196,958,7925,5045,4514,24.6,1733077800,73,9.6,3.3,Songadh,21.1758685770829,73.5640330081922
68,2024-12-03,17.8,42,344,219,115,912,769,30.4,1733216400,4.6,73,4.4,1733212800,21.5,1733191200,0.3,0.3,998,final,61,1011,0,0,195,957,7916,5029,4480,26.1,1733164200,73,9.6,3.5,Songadh,21.1758685770829,73.5640330081922
71,2024-12-04,19.0,42,344,218,115,912,767,30.0,1733302800,5.5,67,4.0,1733328000,24.1,1733259600,0.3,0.3,999,final,63,1012,0,0,200,955,7907,5014,4611,26.7,1733250600,67,8.4,3.1,Songadh,21.1758685770829,73.5640330081922
25,2024-12-05,21.3,41,343,217,115,911,766,31.1,1733389200,5.7,71,3.2,1733378400,23.7,1733353200,0.0,0.0,999,final,73,1012,0,0,215,954,7899,4999,4937,26.8,1733337000,71,7.2,2.3,Songadh,21.1758685770829,73.5640330081922
48,2024-12-06,20.3,41,343,217,115,911,764,31.1,1733475600,4.6,149,2.4,1733454000,21.9,1733450400,0.0,0.0,999,final,73,1012,0,0,178,953,7891,4985,4091,26.0,1733423400,149,5.6,1.8,Songadh,21.1758685770829,73.5640330081922
75,2024-12-07,13.1,41,343,216,115,911,763,29.3,1733562000,4.7,335,2.8,1733562000,19.3,1733529600,0.0,0.0,998,final,54,1012,0,0,184,952,7884,4972,4235,23.6,1733509800,335,6.4,2.0,Songadh,21.1758685770829,73.5640330081922
2,2024-12-08,13.1,41,342,216,115,910,761,28.1,1733648400,6.3,238,2.4,1733648400,17.0,1733616000,0.0,0.0,999,final,58,1012,0,0,216,951,7877,4960,4960,22.4,1733596200,238,5.6,1.9,Songadh,21.1758685770829,73.5640330081922
14,2024-12-09,7.4,41,342,215,115,910,760,26.7,1733734800,5.9,71,3.6,1733745600,15.2,1733709600,0.0,0.0,1000,final,45,1014,0,0,195,950,7871,4949,4493,20.6,1733682600,71,8.0,2.6,Songadh,21.1758685770829,73.5640330081922
12,2024-12-10,8.3,41,342,215,115,910,759,26.3,1733821200,5.7,62,5.6,1733799600,14.8,1733796000,0.0,0.0,1001,final,47,1014,0,0,210,949,7865,4939,4833,20.4,1733769000,62,11.6,3.8,Songadh,21.1758685770829,73.5640330081922
2,2024-12-11,12.3,41,342,214,115,910,758,29.3,1733907600,6.2,70,4.4,1733889600,17.4,1733871600,0.0,0.0,1000,final,53,1014,0,0,214,948,7860,4929,4929,22.5,1733855400,70,8.8,3.2,Songadh,21.1758685770829,73.5640330081922
10,2024-12-12,14.2,41,342,214,115,910,757,28.9,1733994000,6.2,42,2.8,1734001200,17.8,1733968800,0.0,0.0,1000,final,61,1013,0,0,210,948,7855,4921,4823,22.6,1733941800,42,6.4,2.6,Songadh,21.1758685770829,73.5640330081922
61,2024-12-13,11.3,41,341,214,115,910,756,26.7,1734080400,2.1,65,5.2,1734069600,16.7,1734044400,0.0,0.0,1002,final,56,1015,0,0,99,947,7851,4913,2288,21.3,1734028200,65,11.6,3.8,Songadh,21.1758685770829,73.5640330081922
3,2024-12-14,10.1,41,341,213,115,910,755,27.0,1734166800,6.2,74,5.2,1734141600,16.3,1734123600,0.0,0.0,1002,final,49,1015,0,0,213,947,7847,4907,4907,21.5,1734114600,74,10.8,4.2,Songadh,21.1758685770829,73.5640330081922
0,2024-12-15,11.1,41,341,213,115,910,755,28.9,1734253200,6.2,74,4.0,1734220800,17.0,1734220800,0.0,0.0,1002,final,51,1015,0,0,213,946,7844,4901,4901,22.3,1734201000,74,9.2,3.6,Songadh,21.1758685770829,73.5640330081922
0,2024-12-16,11.7,41,341,213,115,910,754,30.4,1734339600,6.2,69,3.6,1734339600,16.3,1734303600,0.0,0.0,1001,final,53,1014,0,0,213,946,7842,4896,4896,22.6,1734287400,69,8.0,2.8,Songadh,21.1758685770829,73.5640330081922
10,2024-12-17,12.6,41,341,213,115,910,754,30.4,1734426000,6.2,54,2.4,1734433200,15.6,1734393600,0.0,0.0,999,final,59,1012,0,0,213,946,7840,4892,4888,22.0,1734373800,54,5.6,1.8,Songadh,21.1758685770829,73.5640330081922
18,2024-12-18,13.4,41,341,213,115,910,753,31.1,1734526800,6.2,145,3.2,1734526800,15.6,1734487200,0.0,0.0,998,final,60,1012,0,0,213,945,7838,4889,4889,22.4,1734460200,145,6.4,1.9,Songadh,21.1758685770829,73.5640330081922
0,2024-12-19,13.6,41,341,213,115,910,753,30.7,1734598800,6.2,169,2.4,1734602400,15.2,1734566400,0.0,0.0,998,final,60,1011,0,0,213,945,7838,4888,4888,22.6,1734546600,169,5.2,1.8,Songadh,21.1758685770829,73.5640330081922
39,2024-12-20,14.9,41,341,212,115,910,753,28.5,1734685200,5.4,175,2.4,1734685200,17.4,1734652800,0.5,0.5,998,final,64,1011,0,0,166,945,7837,4887,3825,22.5,1734633000,175,4.8,1.3,Songadh,21.1758685770829,73.5640330081922
4,2024-12-21,15.4,41,341,212,115,910,753,29.6,1734771600,6.2,119,2.4,1734739200,18.1,1734739200,0.0,0.0,998,final,64,1011,0,0,212,945,7837,4887,4887,23.1,1734719400,119,6.4,1.7,Songadh,21.1758685770829,73.5640330081922
37,2024-12-22,16.9,41,341,212,115,910,753,27.0,1734858000,5.2,200,2.8,1734858000,17.0,1734825600,0.0,0.0,999,final,75,1012,0,0,198,945,7838,4887,4548,21.9,1734805800,200,5.6,1.8,Songadh,21.1758685770829,73.5640330081922
80,2024-12-23,16.8,41,341,213,115,910,754,26.3,1734944400,4.7,276,2.4,1734955200,19.6,1734894000,0.0,0.0,1000,final,71,1013,0,0,130,946,7839,4889,2982,22.5,1734892200,276,5.6,1.3,Songadh,21.1758685770829,73.5640330081922
63,2024-12-24,14.1,41,341,213,115,910,754,25.6,1735030800,3.1,303,2.8,1735030800,18.9,1735005600,0.0,0.0,1000,final,63,1013,0,0,116,946,7841,4892,2668,21.5,1734978600,303,6.4,1.9,Songadh,21.1758685770829,73.5640330081922
69,2024-12-25,16.6,41,341,213,115,910,754,28.5,1735117200,4.3,157,2.0,1735084800,18.5,1735084800,0.0,0.0,1001,final,68,1014,0,0,200,946,7844,4896,4595,23.0,1735065000,157,6.0,1.5,Songadh,21.1758685770829,73.5640330081922
43,2024-12-26,18.8,41,341,213,115,911,755,28.9,1735203600,5.2,159,3.2,1735203600,20.4,1735171200,0.0,0.0,1002,final,73,1015,0,0,201,947,7846,4901,4615,24.0,1735151400,159,7.6,2.1,Songadh,21.1758685770829,73.5640330081922
33,2024-12-27,19.1,41,341,213,115,911,756,29.3,1735290000,5.0,213,2.4,1735304400,20.7,1735264800,0.0,0.0,1002,final,74,1015,0,0,211,947,7850,4906,4847,24.3,1735237800,213,7.6,1.2,Songadh,21.1758685770829,73.5640330081922
20,2024-12-28,18.3,41,341,214,115,911,756,28.1,1735376400,5.0,333,2.0,1735376400,20.0,1735351200,0.0,0.0,1003,final,73,1016,0,0,209,948,7854,4913,4807,23.5,1735324200,333,4.8,1.4,Songadh,21.1758685770829,73.5640330081922
6,2024-12-29,18.7,41,342,214,115,911,757,28.9,1735462800,6.0,50,3.2,1735473600,18.9,1735437600,0.0,0.0,1003,final,74,1016,0,0,214,948,7858,4921,4919,23.8,1735410600,50,8.0,2.1,Songadh,21.1758685770829,73.5640330081922
0,2024-12-30,19.3,41,342,214,115,912,758,30.0,1735549200,6.2,83,3.6,1735560000,21.1,1735516800,0.0,0.0,1003,final,75,1016,0,0,214,949,7863,4929,4929,24.4,1735497000,83,8.4,2.3,Songadh,21.1758685770829,73.5640330081922
18,2024-12-31,19.1,41,342,215,115,912,759,30.7,1735635600,4.9,151,2.8,1735646400,19.6,1735610400,0.0,0.0,1003,final,73,1016,0,0,207,950,7869,4939,4751,24.7,1735583400,151,6.0,1.9,Songadh,21.1758685770829,73.5640330081922
