Price_MA_7,0.9721496033655452
Price_Lag_1,0.9629591710431804
Price_Max_7,0.9580741966356591
Month_Commodity_Avg_Price,0.9552392639654833
Price_MA_14,0.9512068090728495
Price_Min_7,0.9485156470665862
Price_Max_14,0.9302545367074285
Max_Price_Lag_1,0.9302367942907774
Price_MA_30,0.9234960831528447
Price_Min_14,0.9107686203993872
Min_Price_Lag_1,0.8907317780897168
Price_Max_30,0.889584891456034
Price_Lag_7,0.8744057264198271
Price_Min_30,0.8621250695131117
Comm_Market_Avg_Price,0.8615177937130345
Commodity_Avg_Price,0.8586091129125577
Commodity_Encoded,0.8586091129125577
Max_Price_Lag_7,0.8453715941414317
Min_Price_Lag_7,0.8081867360713834
Price_Lag_14,0.7873837873163955
Max_Price_Lag_14,0.7661877847173595
Min_Price_Lag_14,0.7204460717397498
Commodity_Min_Price,0.7069895530681851
Commodity_Max_Price,0.6568552665442142
Price_Lag_30,0.642249013120031
Max_Price_Lag_30,0.6152192369984884
Min_Price_Lag_30,0.5985525129317946
Price_Std_30,0.5457913953081345
Price_Std_14,0.5451293413028475
Price_Range,0.5364932635877955
Commodity_Std_Price,0.5255529808990441
Comm_Market_Std_Price,0.5036401051259787
Price_Std_7,0.5000084325865753
Market_Avg_Price,0.23268733774772402
Market_Encoded,0.23268733774772402
Commodity_Code,0.21297151452414773
Price_Change_30d_%,0.19374504141811735
Price_Change_7d_%,0.16604463564158406
Temp_Min_MA_30,0.14129098889884695
Market_Std_Price,0.12947136801030945
Temp_Min_MA_14,0.11305113248482176
Temp_Min_Lag_7,0.10515616620649183
Price_Change_1d_%,0.10341343785729144
Temp_Min_MA_7,0.09982982469620365
temperature_min,0.09228986661659706
Temp_Min,0.09228986661659706
Temp_Min_Lag_3,0.09189027343950726
Temp_Min_Lag_1,0.09081695305656451
Wind_Speed_MA_7,0.08323276326409605
Is_Rainy,0.07757759824813379
Season,0.0718607981432395
Temp_Mean_Lag_7,0.07065434358005783
Wind_Speed_Lag_1,0.06569454830829742
wind_speed_max,0.06288636555312138
Wind_Speed,0.06288636555312138
wind_gusts_max,0.061712271246405
Cloud_Cover_Lag_1,0.0616780331272535
Rainfall_Sum_30,0.06159306655338894
Cloud_Cover,0.06038696864937079
cloud_cover,0.06038696864937079
Temp_Max_MA_30,0.060015134229836446
temperature_mean,0.058417404792354105
Temp_Mean,0.058417404792354105
Temp_Mean_Lag_3,0.0582860341707484
Temp_Mean_Lag_1,0.05748761392272507
Rainfall_Lag_7,0.055832018011217247
Rainfall_Sum_7,0.05534950419785527
Week_of_Year,0.046350160837012544
Month,0.045199849515781446
Day_of_Year,0.043885664554244634
Quarter,0.041248566549641236
Rainfall_Lag_1,0.03073563383908749
precipitation_sum,0.029333177771167396
rain_sum,0.029333177771167396
Rainfall,0.029333177771167396
Temp_Max_MA_14,0.02893808391036853
Temp_Max_Lag_7,0.025375720343794265
Temp_Max_MA_7,0.019104470739115968
Temp_Max_Lag_3,0.016091327628004526
Temp_Max,0.015645226640400127
temperature_max,0.015645226640400127
Temp_Max_Lag_1,0.0151587243828702
Day_of_Week,0.009150217081154112
Is_Weekend,0.008909570002167494
DayOfWeek_Cos,0.002836522066852812
Year,-0.004765622085987977
DayOfWeek_Sin,-0.00747801372839636
Day,-0.01116619192275396
Market_Commodity_Count,-0.027594887770589265
Temp_Range_30,-0.044004340983931384
Month_Sin,-0.06010133412543731
Temp_Range_14,-0.06630852913983075
Temp_Range_7,-0.07688279652674289
Month_Cos,-0.08487634194995425
Commodity_Volatility,-0.14197499234491218
Price_Volatility_%,-0.14203216156936083
Price_Range_Normalized,-0.14203216156936083
Comm_Market_Records,-0.1600014197571564
