Feature,Importance,Rank
Price_MA_7,0.4994812445976734,1
Price_MA_14,0.24771514492048424,2
Price_Lag_1,0.07517830579001902,3
Month_Commodity_Avg_Price,0.06126571100054019,4
Price_Max_7,0.05296369570088356,5
Price_Change_1d_%,0.013593340712510059,6
Price_Min_7,0.011442507806750633,7
Price_Change_7d_%,0.010877913169516785,8
Month_Cos,0.005975163007691101,9
Min_Price_Lag_1,0.0042729247540697225,10
Price_Max_14,0.002079989216638149,11
Max_Price_Lag_1,0.0018806191425418018,12
Price_Min_14,0.0015666095366036622,13
Price_Std_7,0.0009406358550315126,14
Price_Change_30d_%,0.0009019899986083505,15
Price_Lag_7,0.0007255741074606427,16
Price_Max_30,0.0006256841649489182,17
Price_Range,0.0005676642396389957,18
Price_Std_14,0.0004008520233009793,19
Price_Range_Normalized,0.0002733104752432019,20
Price_Volatility_%,0.00027192906569889795,21
Max_Price_Lag_7,0.0002701942548621162,22
Price_Min_30,0.00023697103289282162,23
Min_Price_Lag_14,0.00021216832274768095,24
Temp_Min_MA_14,0.00021015888400050393,25
Price_Lag_14,0.0001959662936445781,26
Price_MA_30,0.0001845259966046701,27
Temp_Min_Lag_1,0.0001800845221758655,28
Price_Lag_30,0.00017396734913318568,29
Max_Price_Lag_14,0.00015283189437343528,30
Day_of_Year,0.0001515095710038898,31
Temp_Min,0.00014936705592892734,32
Temp_Range_30,0.00013894478032566856,33
Price_Std_30,0.00013802621319870535,34
Min_Price_Lag_7,0.0001372527370188822,35
Temp_Max_Lag_1,0.00013714573924976373,36
Market_Std_Price,0.0001306971606270574,37
Day,0.00013029972269613049,38
rain_sum,0.00011520601336982685,39
Temp_Min_Lag_7,0.00011151886550017203,40
precipitation_sum,0.00011031215588934631,41
Temp_Max_MA_14,0.00010980842320925231,42
Temp_Max_MA_7,0.00010621805000247356,43
Temp_Min_MA_7,0.00010140046446481665,44
Temp_Max_MA_30,0.00010050027559468865,45
Temp_Mean_Lag_1,9.342602575564956e-05,46
Wind_Speed_Lag_1,9.31334978444003e-05,47
Market_Avg_Price,9.27260888058562e-05,48
temperature_min,9.185707018297494e-05,49
Max_Price_Lag_30,9.07794807042643e-05,50
Comm_Market_Std_Price,8.949412960088831e-05,51
Temp_Min_MA_30,8.802859393348565e-05,52
Temp_Range_7,8.654112676581834e-05,53
Wind_Speed_MA_7,8.612866890486795e-05,54
Temp_Mean,8.585755754250246e-05,55
Temp_Range_14,8.427836541919899e-05,56
Commodity_Code,8.13301610146143e-05,57
Rainfall_Lag_1,8.049176276865917e-05,58
wind_gusts_max,7.99782862379332e-05,59
Commodity_Avg_Price,7.602178547540222e-05,60
Week_of_Year,7.519169332277482e-05,61
Rainfall_Sum_30,7.268934671710652e-05,62
Cloud_Cover_Lag_1,7.052292854300602e-05,63
Rainfall_Lag_7,7.034780228568108e-05,64
wind_speed_max,6.977002322173246e-05,65
Temp_Mean_Lag_7,6.88371210504893e-05,66
Temp_Min_Lag_3,6.862442412503982e-05,67
Temp_Max_Lag_7,6.712361764913639e-05,68
Wind_Speed,6.669046130744044e-05,69
Rainfall_Sum_7,6.634320277835683e-05,70
Temp_Max_Lag_3,6.569523137614299e-05,71
temperature_max,6.252325216541673e-05,72
Commodity_Volatility,6.067509155948365e-05,73
DayOfWeek_Sin,5.918928928188518e-05,74
cloud_cover,5.9168066246073995e-05,75
Comm_Market_Records,5.7423140821912625e-05,76
Temp_Max,5.676939600080377e-05,77
temperature_mean,5.656080713185741e-05,78
Month,5.457726800639729e-05,79
Commodity_Max_Price,5.224069309104384e-05,80
Min_Price_Lag_30,5.223481231521449e-05,81
Month_Sin,5.2233540894361974e-05,82
DayOfWeek_Cos,5.08876018151727e-05,83
Temp_Mean_Lag_3,5.065367421558835e-05,84
Cloud_Cover,4.949673443338756e-05,85
Is_Weekend,4.8218822020029626e-05,86
Market_Commodity_Count,4.7862924528234585e-05,87
Season,4.4375301389767765e-05,88
Commodity_Std_Price,4.429968355045371e-05,89
Day_of_Week,4.311736382498765e-05,90
Commodity_Min_Price,4.254663291143098e-05,91
Commodity_Encoded,4.039082762167777e-05,92
Quarter,3.7572189165067e-05,93
Comm_Market_Avg_Price,3.636257907379032e-05,94
Market_Encoded,3.404787100529118e-05,95
Year,3.1106734240893275e-05,96
Rainfall,2.5933662267632153e-05,97
Is_Rainy,1.7568745045436847e-06,98
